STATION,NAME,DATE,PRCP,TMAX,TMIN
MXN00028263,"LA PESCA, MX",1988/4/7,0.31,73,48
MXN00028263,"LA PESCA, MX",1988/4/8,0,78,46
MXN00028263,"LA PESCA, MX",1988/4/9,0.07,80,59
MXN00028263,"LA PESCA, MX",1988/4/10,0,75,60
MXN00028263,"LA PESCA, MX",1988/4/11,0,71,44
MXN00028263,"LA PESCA, MX",1988/4/12,0,78,44
MXN00028263,"LA PESCA, MX",1988/4/13,0,77,50
MXN00028263,"LA PESCA, MX",1988/4/14,0,82,49
MXN00028263,"LA PESCA, MX",1988/4/15,0,78,57
MXN00028263,"LA PESCA, MX",1988/4/16,0,79,57
MXN00028263,"LA PESCA, MX",1988/4/17,0,85,58
MXN00028263,"LA PESCA, MX",1988/4/18,0,86,60
MXN00028263,"LA PESCA, MX",1988/4/19,0,80,59
MXN00028263,"LA PESCA, MX",1988/4/20,0,82,57
MXN00028263,"LA PESCA, MX",1988/4/21,0,89,61
MXN00028263,"LA PESCA, MX",1988/4/22,0,93,67
MXN00028263,"LA PESCA, MX",1988/4/23,0,89,69
MXN00028263,"LA PESCA, MX",1988/4/24,0,89,65
MXN00028263,"LA PESCA, MX",1988/4/25,0,82,68
MXN00028263,"LA PESCA, MX",1988/4/26,0,80,53
MXN00028263,"LA PESCA, MX",1988/4/27,0,87,63
MXN00028263,"LA PESCA, MX",1988/4/28,0,93,68
MXN00028263,"LA PESCA, MX",1988/4/29,0,86,69
MXN00028263,"LA PESCA, MX",1988/4/30,0,84,67
MXN00028263,"LA PESCA, MX",1988/5/1,0,89,64
MXN00028263,"LA PESCA, MX",1988/5/2,0,86,64
MXN00028263,"LA PESCA, MX",1988/5/3,0,86,62
MXN00028263,"LA PESCA, MX",1988/5/4,0,82,60
MXN00028263,"LA PESCA, MX",1988/5/5,0,84,59
MXN00028263,"LA PESCA, MX",1988/5/6,0,84,60
MXN00028263,"LA PESCA, MX",1988/5/7,0,84,60
MXN00028263,"LA PESCA, MX",1988/5/8,0,85,62
MXN00028263,"LA PESCA, MX",1988/5/9,0,86,62
MXN00028263,"LA PESCA, MX",1988/5/10,0,86,64
MXN00028263,"LA PESCA, MX",1988/5/11,0.01,86,61
MXN00028263,"LA PESCA, MX",1988/5/12,0,86,60
MXN00028263,"LA PESCA, MX",1988/5/13,0,85,64
MXN00028263,"LA PESCA, MX",1988/5/14,0,84,68
MXN00028263,"LA PESCA, MX",1988/5/15,0,85,75
MXN00028263,"LA PESCA, MX",1988/5/16,0,86,75
MXN00028263,"LA PESCA, MX",1988/5/17,0,86,75
MXN00028263,"LA PESCA, MX",1988/5/18,0,86,77
MXN00028263,"LA PESCA, MX",1988/5/19,0,86,77
MXN00028263,"LA PESCA, MX",1988/5/20,0,86,76
MXN00028263,"LA PESCA, MX",1988/5/21,0,87,71
MXN00028263,"LA PESCA, MX",1988/5/22,0,89,71
MXN00028263,"LA PESCA, MX",1988/5/23,0,87,69
MXN00028263,"LA PESCA, MX",1988/5/24,0,86,75
MXN00028263,"LA PESCA, MX",1988/5/25,0,86,75
MXN00028263,"LA PESCA, MX",1988/5/26,0,86,73
MXN00028263,"LA PESCA, MX",1988/5/27,0,86,68
MXN00028263,"LA PESCA, MX",1988/5/28,0,87,70
MXN00028263,"LA PESCA, MX",1988/5/29,0,87,69
MXN00028263,"LA PESCA, MX",1988/5/30,0,87,73
MXN00028263,"LA PESCA, MX",1988/5/31,0,80,75
MXN00028263,"LA PESCA, MX",1988/6/1,0,87,75
MXN00028263,"LA PESCA, MX",1988/6/2,0,88,75
MXN00028263,"LA PESCA, MX",1988/6/3,0.03,87,78
MXN00028263,"LA PESCA, MX",1988/6/4,0,89,71
MXN00028263,"LA PESCA, MX",1988/6/5,0,88,71
MXN00028263,"LA PESCA, MX",1988/6/6,0,86,75
MXN00028263,"LA PESCA, MX",1988/6/7,0,86,75
MXN00028263,"LA PESCA, MX",1988/6/8,0,89,71
MXN00028263,"LA PESCA, MX",1988/6/9,0,89,68
MXN00028263,"LA PESCA, MX",1988/6/10,0,89,68
MXN00028263,"LA PESCA, MX",1988/6/11,0,88,73
MXN00028263,"LA PESCA, MX",1988/6/12,0,89,73
MXN00028263,"LA PESCA, MX",1988/6/13,0,89,72
MXN00028263,"LA PESCA, MX",1988/6/14,0.27,89,71
MXN00028263,"LA PESCA, MX",1988/6/15,0.11,78,77
MXN00028263,"LA PESCA, MX",1988/6/16,0,85,73
MXN00028263,"LA PESCA, MX",1988/6/17,0,86,74
MXN00028263,"LA PESCA, MX",1988/6/18,0.07,86,76
MXN00028263,"LA PESCA, MX",1988/6/19,0.23,86,73
MXN00028263,"LA PESCA, MX",1988/6/20,0,86,73
MXN00028263,"LA PESCA, MX",1988/6/21,0,87,73
MXN00028263,"LA PESCA, MX",1988/6/22,0,86,74
MXN00028263,"LA PESCA, MX",1988/6/23,0,87,73
MXN00028263,"LA PESCA, MX",1988/6/24,0,89,73
MXN00028263,"LA PESCA, MX",1988/6/25,0,87,75
MXN00028263,"LA PESCA, MX",1988/6/26,0,86,77
MXN00028263,"LA PESCA, MX",1988/6/27,0,89,78
MXN00028263,"LA PESCA, MX",1988/6/28,0,91,82
MXN00028263,"LA PESCA, MX",1988/6/29,0,93,84
MXN00028263,"LA PESCA, MX",1988/6/30,0,89,73
MXN00028263,"LA PESCA, MX",1988/7/1,0,89,77
MXN00028263,"LA PESCA, MX",1988/7/2,0,89,75
MXN00028263,"LA PESCA, MX",1988/7/3,0,91,75
MXN00028263,"LA PESCA, MX",1988/7/4,0,89,77
MXN00028263,"LA PESCA, MX",1988/7/5,0,91,73
MXN00028263,"LA PESCA, MX",1988/7/6,0,89,73
MXN00028263,"LA PESCA, MX",1988/7/7,0,89,75
MXN00028263,"LA PESCA, MX",1988/7/8,0,91,77
MXN00028263,"LA PESCA, MX",1988/7/9,0,91,77
MXN00028263,"LA PESCA, MX",1988/7/10,0,90,77
MXN00028263,"LA PESCA, MX",1988/7/11,0,91,75
MXN00028263,"LA PESCA, MX",1988/7/12,0,91,75
MXN00028263,"LA PESCA, MX",1988/7/13,0,91,78
MXN00028263,"LA PESCA, MX",1988/7/14,0.03,93,77
MXN00028263,"LA PESCA, MX",1988/7/15,0.03,86,78
MXN00028263,"LA PESCA, MX",1988/7/16,0,87,75
MXN00028263,"LA PESCA, MX",1988/7/17,0,89,75
MXN00028263,"LA PESCA, MX",1988/7/18,0,89,75
MXN00028263,"LA PESCA, MX",1988/7/19,0,89,75
MXN00028263,"LA PESCA, MX",1988/7/20,0,89,73
MXN00028263,"LA PESCA, MX",1988/7/21,0,89,73
MXN00028263,"LA PESCA, MX",1988/7/22,0,91,73
MXN00028263,"LA PESCA, MX",1988/7/23,0,89,75
MXN00028263,"LA PESCA, MX",1988/7/24,0,93,77
MXN00028263,"LA PESCA, MX",1988/7/25,0,89,79
MXN00028263,"LA PESCA, MX",1988/7/26,0,91,77
MXN00028263,"LA PESCA, MX",1988/7/27,0,91,77
MXN00028263,"LA PESCA, MX",1988/7/28,0,91,71
MXN00028263,"LA PESCA, MX",1988/7/29,0,89,71
MXN00028263,"LA PESCA, MX",1988/7/30,0,91,75
MXN00028263,"LA PESCA, MX",1988/7/31,0,92,73
MXN00028263,"LA PESCA, MX",1988/8/1,0,91,73
MXN00028263,"LA PESCA, MX",1988/8/2,0,91,73
MXN00028263,"LA PESCA, MX",1988/8/3,0,93,75
MXN00028263,"LA PESCA, MX",1988/8/4,0,93,77
MXN00028263,"LA PESCA, MX",1988/8/5,0,91,78
MXN00028263,"LA PESCA, MX",1988/8/6,0,93,77
MXN00028263,"LA PESCA, MX",1988/8/7,0,93,77
MXN00028263,"LA PESCA, MX",1988/8/8,0,91,75
MXN00028263,"LA PESCA, MX",1988/8/9,0,91,73
MXN00028263,"LA PESCA, MX",1988/8/10,0,91,75
MXN00028263,"LA PESCA, MX",1988/8/11,0,91,77
MXN00028263,"LA PESCA, MX",1988/8/12,0,91,75
MXN00028263,"LA PESCA, MX",1988/8/13,0,91,73
MXN00028263,"LA PESCA, MX",1988/8/14,0.07,91,75
MXN00028263,"LA PESCA, MX",1988/8/15,0.09,84,75
MXN00028263,"LA PESCA, MX",1988/8/16,0.31,80,75
MXN00028263,"LA PESCA, MX",1988/8/17,0.15,78,71
MXN00028263,"LA PESCA, MX",1988/8/18,0,82,73
MXN00028263,"LA PESCA, MX",1988/8/19,0,89,75
MXN00028263,"LA PESCA, MX",1988/8/20,0,89,75
MXN00028263,"LA PESCA, MX",1988/8/21,0,89,78
MXN00028263,"LA PESCA, MX",1988/8/22,0,96,77
MXN00028263,"LA PESCA, MX",1988/8/23,0,89,75
MXN00028263,"LA PESCA, MX",1988/8/24,0,89,76
MXN00028263,"LA PESCA, MX",1988/8/25,0,89,76
MXN00028263,"LA PESCA, MX",1988/8/26,0,89,76
MXN00028263,"LA PESCA, MX",1988/8/27,0,96,77
MXN00028263,"LA PESCA, MX",1988/8/28,0,89,78
MXN00028263,"LA PESCA, MX",1988/8/29,0,89,77
MXN00028263,"LA PESCA, MX",1988/8/30,0,89,75
MXN00028263,"LA PESCA, MX",1988/8/31,0.03,89,75
MXN00028263,"LA PESCA, MX",1988/9/1,0,89,75
MXN00028263,"LA PESCA, MX",1988/9/2,0,89,75
MXN00028263,"LA PESCA, MX",1988/9/3,0.03,91,75
MXN00028263,"LA PESCA, MX",1988/9/4,0,91,73
MXN00028263,"LA PESCA, MX",1988/9/5,0,84,73
MXN00028263,"LA PESCA, MX",1988/9/6,0,87,68
MXN00028263,"LA PESCA, MX",1988/9/7,0,86,66
MXN00028263,"LA PESCA, MX",1988/9/8,0,86,68
MXN00028263,"LA PESCA, MX",1988/9/9,0,86,66
MXN00028263,"LA PESCA, MX",1988/9/10,0,87,68
MXN00028263,"LA PESCA, MX",1988/9/11,0,90,69
MXN00028263,"LA PESCA, MX",1988/9/12,0,89,68
MXN00028263,"LA PESCA, MX",1988/9/13,0,93,68
MXN00028263,"LA PESCA, MX",1988/9/14,0,91,73
MXN00028263,"LA PESCA, MX",1988/9/17,0.09,,
MXN00028263,"LA PESCA, MX",1988/9/18,0,86,70
MXN00028263,"LA PESCA, MX",1988/9/19,0,95,75
MXN00028263,"LA PESCA, MX",1988/9/20,0,87,75
MXN00028263,"LA PESCA, MX",1988/9/21,0,86,73
MXN00028263,"LA PESCA, MX",1988/9/30,0,,
MXN00028263,"LA PESCA, MX",1988/10/1,0,86,66
MXN00028263,"LA PESCA, MX",1988/10/2,0,86,68
MXN00028263,"LA PESCA, MX",1988/10/3,0.03,89,68
MXN00028263,"LA PESCA, MX",1988/10/4,0,84,64
MXN00028263,"LA PESCA, MX",1988/10/5,0,91,66
MXN00028263,"LA PESCA, MX",1988/10/6,0,82,59
MXN00028263,"LA PESCA, MX",1988/10/7,0,83,66
MXN00028263,"LA PESCA, MX",1988/10/8,0,82,67
MXN00028263,"LA PESCA, MX",1988/10/9,0,83,66
MXN00028263,"LA PESCA, MX",1988/10/10,0,84,67
MXN00028263,"LA PESCA, MX",1988/10/11,0,82,67
MXN00028263,"LA PESCA, MX",1988/10/12,0,84,68
MXN00028263,"LA PESCA, MX",1988/10/13,0,89,66
MXN00028263,"LA PESCA, MX",1988/10/14,0,91,64
MXN00028263,"LA PESCA, MX",1988/10/15,0,77,64
MXN00028263,"LA PESCA, MX",1988/10/16,0.03,84,66
MXN00028263,"LA PESCA, MX",1988/10/17,0,83,69
MXN00028263,"LA PESCA, MX",1988/10/18,0,84,71
MXN00028263,"LA PESCA, MX",1988/10/19,0,84,68
MXN00028263,"LA PESCA, MX",1988/10/20,0,84,69
MXN00028263,"LA PESCA, MX",1988/10/21,0,86,69
MXN00028263,"LA PESCA, MX",1988/10/22,0,87,68
MXN00028263,"LA PESCA, MX",1988/10/23,0,86,68
MXN00028263,"LA PESCA, MX",1988/10/24,0,86,69
MXN00028263,"LA PESCA, MX",1988/10/25,0,84,69
MXN00028263,"LA PESCA, MX",1988/10/26,0,84,71
MXN00028263,"LA PESCA, MX",1988/10/27,0,85,74
MXN00028263,"LA PESCA, MX",1988/10/28,0.01,86,73
MXN00028263,"LA PESCA, MX",1988/10/29,0.05,77,73
MXN00028263,"LA PESCA, MX",1988/10/30,0,77,66
MXN00028263,"LA PESCA, MX",1988/10/31,0.05,77,66
MXN00028263,"LA PESCA, MX",1988/11/1,0,84,66
MXN00028263,"LA PESCA, MX",1988/11/2,0,78,66
MXN00028263,"LA PESCA, MX",1988/11/3,0,78,64
MXN00028263,"LA PESCA, MX",1988/11/4,0,86,64
MXN00028263,"LA PESCA, MX",1988/11/5,0,86,64
MXN00028263,"LA PESCA, MX",1988/11/6,0,89,68
MXN00028263,"LA PESCA, MX",1988/11/7,0,86,68
MXN00028263,"LA PESCA, MX",1988/11/8,0,84,68
MXN00028263,"LA PESCA, MX",1988/11/9,0,84,71
MXN00028263,"LA PESCA, MX",1988/11/10,0,84,68
MXN00028263,"LA PESCA, MX",1988/11/11,0,85,68
MXN00028263,"LA PESCA, MX",1988/11/12,0,85,68
MXN00028263,"LA PESCA, MX",1988/11/13,0,86,68
MXN00028263,"LA PESCA, MX",1988/11/14,0,86,68
MXN00028263,"LA PESCA, MX",1988/11/15,0,86,67
MXN00028263,"LA PESCA, MX",1988/11/16,0,80,64
MXN00028263,"LA PESCA, MX",1988/11/17,0,82,64
MXN00028263,"LA PESCA, MX",1988/11/18,0,78,64
MXN00028263,"LA PESCA, MX",1988/11/19,0,82,67
MXN00028263,"LA PESCA, MX",1988/11/20,0,84,67
MXN00028263,"LA PESCA, MX",1988/11/21,0,84,68
MXN00028263,"LA PESCA, MX",1988/11/22,0,,
MXN00028263,"LA PESCA, MX",1988/11/23,0,73,64
MXN00028263,"LA PESCA, MX",1988/11/24,0,73,66
MXN00028263,"LA PESCA, MX",1988/11/25,0,78,66
MXN00028263,"LA PESCA, MX",1988/11/26,0,77,68
MXN00028263,"LA PESCA, MX",1988/11/27,0,78,75
MXN00028263,"LA PESCA, MX",1988/11/28,0,82,77
MXN00028263,"LA PESCA, MX",1988/11/29,0,78,75
MXN00028263,"LA PESCA, MX",1988/11/30,0,,
MXN00028263,"LA PESCA, MX",1988/12/1,0,71,62
MXN00028263,"LA PESCA, MX",1988/12/2,0,75,60
MXN00028263,"LA PESCA, MX",1988/12/3,0,77,60
MXN00028263,"LA PESCA, MX",1988/12/4,0,77,63
MXN00028263,"LA PESCA, MX",1988/12/5,0,77,63
MXN00028263,"LA PESCA, MX",1988/12/6,0,77,62
MXN00028263,"LA PESCA, MX",1988/12/7,0,77,68
MXN00028263,"LA PESCA, MX",1988/12/8,0,73,66
MXN00028263,"LA PESCA, MX",1988/12/9,0,77,53
MXN00028263,"LA PESCA, MX",1988/12/10,0,82,50
MXN00028263,"LA PESCA, MX",1988/12/11,0,78,55
MXN00028263,"LA PESCA, MX",1988/12/12,0,78,55
MXN00028263,"LA PESCA, MX",1988/12/13,0,78,57
MXN00028263,"LA PESCA, MX",1988/12/14,0,78,50
MXN00028263,"LA PESCA, MX",1988/12/15,0,78,57
MXN00028263,"LA PESCA, MX",1988/12/16,0,78,57
MXN00028263,"LA PESCA, MX",1988/12/17,0,77,55
MXN00028263,"LA PESCA, MX",1988/12/18,0,73,55
MXN00028263,"LA PESCA, MX",1988/12/19,0,73,53
MXN00028263,"LA PESCA, MX",1988/12/20,0,80,53
MXN00028263,"LA PESCA, MX",1988/12/21,0,80,55
MXN00028263,"LA PESCA, MX",1988/12/22,0,80,55
MXN00028263,"LA PESCA, MX",1988/12/23,0,80,51
MXN00028263,"LA PESCA, MX",1988/12/24,0,80,52
MXN00028263,"LA PESCA, MX",1988/12/25,0,80,52
MXN00028263,"LA PESCA, MX",1988/12/26,0,78,50
MXN00028263,"LA PESCA, MX",1988/12/27,0,78,50
MXN00028263,"LA PESCA, MX",1988/12/28,0,66,64
MXN00028263,"LA PESCA, MX",1988/12/29,0,71,50
MXN00028263,"LA PESCA, MX",1988/12/30,0,73,46
MXN00028263,"LA PESCA, MX",1988/12/31,0,82,46
MXN00028263,"LA PESCA, MX",1989/1/1,0,71,64
MXN00028263,"LA PESCA, MX",1989/1/2,0,73,64
MXN00028263,"LA PESCA, MX",1989/1/3,0,77,64
MXN00028263,"LA PESCA, MX",1989/1/4,0,73,68
MXN00028263,"LA PESCA, MX",1989/1/5,0,78,68
MXN00028263,"LA PESCA, MX",1989/1/6,0,78,68
MXN00028263,"LA PESCA, MX",1989/1/7,0,80,66
MXN00028263,"LA PESCA, MX",1989/1/8,0,82,66
MXN00028263,"LA PESCA, MX",1989/1/9,0,78,66
MXN00028263,"LA PESCA, MX",1989/1/10,0,78,64
MXN00028263,"LA PESCA, MX",1989/1/11,0,77,64
MXN00028263,"LA PESCA, MX",1989/1/12,0,80,64
MXN00028263,"LA PESCA, MX",1989/1/13,0,77,66
MXN00028263,"LA PESCA, MX",1989/1/14,0,77,66
MXN00028263,"LA PESCA, MX",1989/1/15,0.03,64,59
MXN00028263,"LA PESCA, MX",1989/1/16,0,64,50
MXN00028263,"LA PESCA, MX",1989/1/17,0,68,50
MXN00028263,"LA PESCA, MX",1989/1/18,0,73,50
MXN00028263,"LA PESCA, MX",1989/1/19,0.11,77,64
MXN00028263,"LA PESCA, MX",1989/1/20,0,66,64
MXN00028263,"LA PESCA, MX",1989/1/21,0,66,60
MXN00028263,"LA PESCA, MX",1989/1/22,0,68,53
MXN00028263,"LA PESCA, MX",1989/1/23,0,71,50
MXN00028263,"LA PESCA, MX",1989/1/24,0,77,50
MXN00028263,"LA PESCA, MX",1989/1/25,0.01,73,68
MXN00028263,"LA PESCA, MX",1989/1/26,0,78,71
MXN00028263,"LA PESCA, MX",1989/1/27,0,78,68
MXN00028263,"LA PESCA, MX",1989/1/28,0,78,68
MXN00028263,"LA PESCA, MX",1989/1/29,0,69,59
MXN00028263,"LA PESCA, MX",1989/1/30,0,69,59
MXN00028263,"LA PESCA, MX",1989/1/31,0,,
MXN00028263,"LA PESCA, MX",1989/2/1,0,78,68
MXN00028263,"LA PESCA, MX",1989/2/2,0,86,68
MXN00028263,"LA PESCA, MX",1989/2/3,0,75,65
MXN00028263,"LA PESCA, MX",1989/2/4,0.02,47,43
MXN00028263,"LA PESCA, MX",1989/2/5,0,48,41
MXN00028263,"LA PESCA, MX",1989/2/6,0,46,42
MXN00028263,"LA PESCA, MX",1989/2/7,0.03,44,35
MXN00028263,"LA PESCA, MX",1989/2/8,0,50,35
MXN00028263,"LA PESCA, MX",1989/2/9,0,57,42
MXN00028263,"LA PESCA, MX",1989/2/10,0,64,50
MXN00028263,"LA PESCA, MX",1989/2/11,0,82,51
MXN00028263,"LA PESCA, MX",1989/2/12,0,77,53
MXN00028263,"LA PESCA, MX",1989/2/13,0,78,50
MXN00028263,"LA PESCA, MX",1989/2/14,0,78,66
MXN00028263,"LA PESCA, MX",1989/2/15,0.01,78,69
MXN00028263,"LA PESCA, MX",1989/2/16,0,77,70
MXN00028263,"LA PESCA, MX",1989/2/17,0,71,64
MXN00028263,"LA PESCA, MX",1989/2/18,0,66,59
MXN00028263,"LA PESCA, MX",1989/2/19,0,77,53
MXN00028263,"LA PESCA, MX",1989/2/20,0,77,53
MXN00028263,"LA PESCA, MX",1989/2/21,0,77,55
MXN00028263,"LA PESCA, MX",1989/2/22,0,77,53
MXN00028263,"LA PESCA, MX",1989/2/23,0,73,53
MXN00028263,"LA PESCA, MX",1989/2/24,0,73,50
MXN00028263,"LA PESCA, MX",1989/2/25,0,77,50
MXN00028263,"LA PESCA, MX",1989/2/26,0,77,50
MXN00028263,"LA PESCA, MX",1989/2/27,0,78,54
MXN00028263,"LA PESCA, MX",1989/2/28,0,78,54
MXN00028263,"LA PESCA, MX",1989/3/1,0,71,64
MXN00028263,"LA PESCA, MX",1989/3/2,0,78,64
MXN00028263,"LA PESCA, MX",1989/3/3,0,78,66
MXN00028263,"LA PESCA, MX",1989/3/4,0,78,66
MXN00028263,"LA PESCA, MX",1989/3/5,0,53,48
MXN00028263,"LA PESCA, MX",1989/3/6,0,59,41
MXN00028263,"LA PESCA, MX",1989/3/7,0,64,35
MXN00028263,"LA PESCA, MX",1989/3/8,0,68,41
MXN00028263,"LA PESCA, MX",1989/3/9,0,68,41
MXN00028263,"LA PESCA, MX",1989/3/10,0,73,44
MXN00028263,"LA PESCA, MX",1989/3/11,0,77,44
MXN00028263,"LA PESCA, MX",1989/3/12,0,78,51
MXN00028263,"LA PESCA, MX",1989/3/13,0,78,68
MXN00028263,"LA PESCA, MX",1989/3/14,0,78,69
MXN00028263,"LA PESCA, MX",1989/3/15,0,80,69
MXN00028263,"LA PESCA, MX",1989/3/16,0,80,69
MXN00028263,"LA PESCA, MX",1989/3/17,0,75,71
MXN00028263,"LA PESCA, MX",1989/3/18,0,84,71
MXN00028263,"LA PESCA, MX",1989/3/19,0,84,71
MXN00028263,"LA PESCA, MX",1989/3/20,0,79,69
MXN00028263,"LA PESCA, MX",1989/3/21,0,82,66
MXN00028263,"LA PESCA, MX",1989/3/22,0,82,59
MXN00028263,"LA PESCA, MX",1989/3/23,0,73,55
MXN00028263,"LA PESCA, MX",1989/3/24,0,80,55
MXN00028263,"LA PESCA, MX",1989/3/25,0,80,67
MXN00028263,"LA PESCA, MX",1989/3/26,0,80,70
MXN00028263,"LA PESCA, MX",1989/3/27,0,82,69
MXN00028263,"LA PESCA, MX",1989/3/28,0,82,71
MXN00028263,"LA PESCA, MX",1989/3/29,0,82,71
MXN00028263,"LA PESCA, MX",1989/3/30,0,86,71
MXN00028263,"LA PESCA, MX",1989/3/31,0,,
MXN00028263,"LA PESCA, MX",1989/4/1,0,78,66
MXN00028263,"LA PESCA, MX",1989/4/2,0,77,64
MXN00028263,"LA PESCA, MX",1989/4/3,0,82,71
MXN00028263,"LA PESCA, MX",1989/4/4,0.38,84,66
MXN00028263,"LA PESCA, MX",1989/4/5,0.42,84,66
MXN00028263,"LA PESCA, MX",1989/4/6,0,78,68
MXN00028263,"LA PESCA, MX",1989/4/7,0,80,68
MXN00028263,"LA PESCA, MX",1989/4/8,0,82,70
MXN00028263,"LA PESCA, MX",1989/4/9,0,82,68
MXN00028263,"LA PESCA, MX",1989/4/10,0,64,51
MXN00028263,"LA PESCA, MX",1989/4/11,0,77,52
MXN00028263,"LA PESCA, MX",1989/4/12,0,77,53
MXN00028263,"LA PESCA, MX",1989/4/13,0,80,53
MXN00028263,"LA PESCA, MX",1989/4/14,0,80,50
MXN00028263,"LA PESCA, MX",1989/4/15,0,82,71
MXN00028263,"LA PESCA, MX",1989/4/16,0.03,82,69
MXN00028263,"LA PESCA, MX",1989/4/17,0,82,71
MXN00028263,"LA PESCA, MX",1989/4/18,0,84,72
MXN00028263,"LA PESCA, MX",1989/4/19,0,84,73
MXN00028263,"LA PESCA, MX",1989/4/20,0,84,74
MXN00028263,"LA PESCA, MX",1989/4/21,0,84,75
MXN00028263,"LA PESCA, MX",1989/4/22,0,84,75
MXN00028263,"LA PESCA, MX",1989/4/23,0,84,75
MXN00028263,"LA PESCA, MX",1989/4/24,0,84,75
MXN00028263,"LA PESCA, MX",1989/4/25,0,86,77
MXN00028263,"LA PESCA, MX",1989/4/26,0,86,77
MXN00028263,"LA PESCA, MX",1989/4/27,0,86,77
MXN00028263,"LA PESCA, MX",1989/4/28,0.01,86,77
MXN00028263,"LA PESCA, MX",1989/4/29,0,86,71
MXN00028263,"LA PESCA, MX",1989/4/30,0,84,72
MXN00028263,"LA PESCA, MX",1989/5/1,0,86,75
MXN00028263,"LA PESCA, MX",1989/5/2,0,86,75
MXN00028263,"LA PESCA, MX",1989/5/3,0,87,75
MXN00028263,"LA PESCA, MX",1989/5/4,0,87,73
MXN00028263,"LA PESCA, MX",1989/5/5,0.01,87,75
MXN00028263,"LA PESCA, MX",1989/5/6,0,87,75
MXN00028263,"LA PESCA, MX",1989/5/7,0,86,77
MXN00028263,"LA PESCA, MX",1989/5/8,0,87,75
MXN00028263,"LA PESCA, MX",1989/5/9,0,84,71
MXN00028263,"LA PESCA, MX",1989/5/10,0,86,73
MXN00028263,"LA PESCA, MX",1989/5/11,0,87,77
MXN00028263,"LA PESCA, MX",1989/5/12,0,,
MXN00028263,"LA PESCA, MX",1989/5/13,0,84,73
MXN00028263,"LA PESCA, MX",1989/5/14,0,86,73
MXN00028263,"LA PESCA, MX",1989/5/15,0,86,75
MXN00028263,"LA PESCA, MX",1989/5/16,0,86,69
MXN00028263,"LA PESCA, MX",1989/5/17,0,86,69
MXN00028263,"LA PESCA, MX",1989/5/18,0,87,69
MXN00028263,"LA PESCA, MX",1989/5/19,0,87,71
MXN00028263,"LA PESCA, MX",1989/5/20,0,86,73
MXN00028263,"LA PESCA, MX",1989/5/21,0,86,69
MXN00028263,"LA PESCA, MX",1989/5/22,0,89,71
MXN00028263,"LA PESCA, MX",1989/5/23,0,89,68
MXN00028263,"LA PESCA, MX",1989/5/24,0,91,71
MXN00028263,"LA PESCA, MX",1989/5/25,0,91,73
MXN00028263,"LA PESCA, MX",1989/5/26,0,89,75
MXN00028263,"LA PESCA, MX",1989/5/27,0,89,75
MXN00028263,"LA PESCA, MX",1989/5/28,0,89,75
MXN00028263,"LA PESCA, MX",1989/5/29,0,87,77
MXN00028263,"LA PESCA, MX",1989/5/30,0,89,77
MXN00028263,"LA PESCA, MX",1989/5/31,0,89,78
MXN00028263,"LA PESCA, MX",1989/6/1,0,89,62
MXN00028263,"LA PESCA, MX",1989/6/2,0,87,64
MXN00028263,"LA PESCA, MX",1989/6/3,0,87,64
MXN00028263,"LA PESCA, MX",1989/6/4,0,89,71
MXN00028263,"LA PESCA, MX",1989/6/5,0,89,71
MXN00028263,"LA PESCA, MX",1989/6/6,0,91,73
MXN00028263,"LA PESCA, MX",1989/6/7,0,95,74
MXN00028263,"LA PESCA, MX",1989/6/8,0,91,75
MXN00028263,"LA PESCA, MX",1989/6/9,0,91,73
MXN00028263,"LA PESCA, MX",1989/6/10,0,91,73
MXN00028263,"LA PESCA, MX",1989/6/11,0,89,69
MXN00028263,"LA PESCA, MX",1989/6/12,0,91,68
MXN00028263,"LA PESCA, MX",1989/6/13,0,89,69
MXN00028263,"LA PESCA, MX",1989/6/14,0,,
MXN00028263,"LA PESCA, MX",1989/6/15,0,87,66
MXN00028263,"LA PESCA, MX",1989/6/16,0,84,68
MXN00028263,"LA PESCA, MX",1989/6/17,0.03,86,77
MXN00028263,"LA PESCA, MX",1989/6/18,0,89,64
MXN00028263,"LA PESCA, MX",1989/6/19,0,89,77
MXN00028263,"LA PESCA, MX",1989/6/20,0,89,77
MXN00028263,"LA PESCA, MX",1989/6/21,0.01,89,77
MXN00028263,"LA PESCA, MX",1989/6/22,0,89,66
MXN00028263,"LA PESCA, MX",1989/6/23,0,89,73
MXN00028263,"LA PESCA, MX",1989/6/24,0,89,77
MXN00028263,"LA PESCA, MX",1989/6/25,0,91,78
MXN00028263,"LA PESCA, MX",1989/6/26,0,91,78
MXN00028263,"LA PESCA, MX",1989/6/27,0,92,69
MXN00028263,"LA PESCA, MX",1989/6/28,0,92,69
MXN00028263,"LA PESCA, MX",1989/6/29,0,91,68
MXN00028263,"LA PESCA, MX",1989/6/30,0,89,68
MXN00028263,"LA PESCA, MX",1989/7/1,0,91,71
MXN00028263,"LA PESCA, MX",1989/7/2,0,91,71
MXN00028263,"LA PESCA, MX",1989/7/3,0,91,74
MXN00028263,"LA PESCA, MX",1989/7/4,0,89,75
MXN00028263,"LA PESCA, MX",1989/7/5,0,87,77
MXN00028263,"LA PESCA, MX",1989/7/6,0,86,78
MXN00028263,"LA PESCA, MX",1989/7/7,0,87,73
MXN00028263,"LA PESCA, MX",1989/7/8,0,89,80
MXN00028263,"LA PESCA, MX",1989/7/9,0,89,82
MXN00028263,"LA PESCA, MX",1989/7/10,0,89,77
MXN00028263,"LA PESCA, MX",1989/7/11,0,91,80
MXN00028263,"LA PESCA, MX",1989/7/12,0,86,78
MXN00028263,"LA PESCA, MX",1989/7/13,0,87,68
MXN00028263,"LA PESCA, MX",1989/7/14,0,89,69
MXN00028263,"LA PESCA, MX",1989/7/15,0,89,71
MXN00028263,"LA PESCA, MX",1989/7/16,0,90,74
MXN00028263,"LA PESCA, MX",1989/7/17,0,89,69
MXN00028263,"LA PESCA, MX",1989/7/18,0,90,71
MXN00028263,"LA PESCA, MX",1989/7/19,0,91,71
MXN00028263,"LA PESCA, MX",1989/7/20,0,89,71
MXN00028263,"LA PESCA, MX",1989/7/21,0,91,71
MXN00028263,"LA PESCA, MX",1989/7/22,0,91,71
MXN00028263,"LA PESCA, MX",1989/7/23,0,91,73
MXN00028263,"LA PESCA, MX",1989/7/24,0.78,91,75
MXN00028263,"LA PESCA, MX",1989/7/25,0,78,77
MXN00028263,"LA PESCA, MX",1989/7/26,0,84,71
MXN00028263,"LA PESCA, MX",1989/7/27,0,86,71
MXN00028263,"LA PESCA, MX",1989/7/28,0,91,75
MXN00028263,"LA PESCA, MX",1989/7/29,0,91,71
MXN00028263,"LA PESCA, MX",1989/7/30,0,93,71
MXN00028263,"LA PESCA, MX",1989/7/31,0,95,73
MXN00028263,"LA PESCA, MX",1989/8/1,0,78,73
MXN00028263,"LA PESCA, MX",1989/8/2,0,93,66
MXN00028263,"LA PESCA, MX",1989/8/3,0,95,68
MXN00028263,"LA PESCA, MX",1989/8/4,0,91,71
MXN00028263,"LA PESCA, MX",1989/8/5,0,95,73
MXN00028263,"LA PESCA, MX",1989/8/6,0,93,71
MXN00028263,"LA PESCA, MX",1989/8/7,0,91,69
MXN00028263,"LA PESCA, MX",1989/8/8,0.78,95,73
MXN00028263,"LA PESCA, MX",1989/8/9,0,94,77
MXN00028263,"LA PESCA, MX",1989/8/10,0,92,77
MXN00028263,"LA PESCA, MX",1989/8/11,0,93,78
MXN00028263,"LA PESCA, MX",1989/8/12,0,91,79
MXN00028263,"LA PESCA, MX",1989/8/13,0,89,80
MXN00028263,"LA PESCA, MX",1989/8/14,0,87,81
MXN00028263,"LA PESCA, MX",1989/8/15,0,86,80
MXN00028263,"LA PESCA, MX",1989/8/16,0,97,78
MXN00028263,"LA PESCA, MX",1989/8/17,0.86,98,77
MXN00028263,"LA PESCA, MX",1989/8/18,0,89,78
MXN00028263,"LA PESCA, MX",1989/8/19,0,89,75
MXN00028263,"LA PESCA, MX",1989/8/20,0.03,89,77
MXN00028263,"LA PESCA, MX",1989/8/21,0,94,71
MXN00028263,"LA PESCA, MX",1989/8/22,0,92,71
MXN00028263,"LA PESCA, MX",1989/8/23,0,93,71
MXN00028263,"LA PESCA, MX",1989/8/24,0,95,71
MXN00028263,"LA PESCA, MX",1989/8/25,0.4,93,71
MXN00028263,"LA PESCA, MX",1989/8/26,0.4,89,71
MXN00028263,"LA PESCA, MX",1989/8/27,0.11,87,72
MXN00028263,"LA PESCA, MX",1989/8/28,0,86,71
MXN00028263,"LA PESCA, MX",1989/8/29,0,89,70
MXN00028263,"LA PESCA, MX",1989/8/30,0.17,89,70
MXN00028263,"LA PESCA, MX",1989/8/31,0,93,72
MXN00028263,"LA PESCA, MX",1989/9/1,0,91,72
MXN00028263,"LA PESCA, MX",1989/9/2,0,91,74
MXN00028263,"LA PESCA, MX",1989/9/3,0,91,76
MXN00028263,"LA PESCA, MX",1989/9/4,0.15,91,77
MXN00028263,"LA PESCA, MX",1989/9/5,3.62,93,73
MXN00028263,"LA PESCA, MX",1989/9/6,0.47,82,75
MXN00028263,"LA PESCA, MX",1989/9/7,0.57,82,59
MXN00028263,"LA PESCA, MX",1989/9/8,0,89,62
MXN00028263,"LA PESCA, MX",1989/9/9,0,89,64
MXN00028263,"LA PESCA, MX",1989/9/10,0,95,60
MXN00028263,"LA PESCA, MX",1989/9/11,0,91,71
MXN00028263,"LA PESCA, MX",1989/9/12,0,89,72
MXN00028263,"LA PESCA, MX",1989/9/13,0,89,73
MXN00028263,"LA PESCA, MX",1989/9/14,1.29,89,60
MXN00028263,"LA PESCA, MX",1989/9/15,0,80,62
MXN00028263,"LA PESCA, MX",1989/9/16,3.44,84,57
MXN00028263,"LA PESCA, MX",1989/9/17,1.04,82,55
MXN00028263,"LA PESCA, MX",1989/9/18,0.27,86,62
MXN00028263,"LA PESCA, MX",1989/9/19,0.05,86,51
MXN00028263,"LA PESCA, MX",1989/9/20,0.78,84,64
MXN00028263,"LA PESCA, MX",1989/9/21,0.74,87,60
MXN00028263,"LA PESCA, MX",1989/9/22,0,87,60
MXN00028263,"LA PESCA, MX",1989/9/23,0,88,59
MXN00028263,"LA PESCA, MX",1989/9/24,0,87,60
MXN00028263,"LA PESCA, MX",1989/9/25,0,86,59
MXN00028263,"LA PESCA, MX",1989/9/26,0,84,60
MXN00028263,"LA PESCA, MX",1989/9/27,0,84,60
MXN00028263,"LA PESCA, MX",1989/9/28,0,83,66
MXN00028263,"LA PESCA, MX",1989/9/29,0,85,66
MXN00028263,"LA PESCA, MX",1989/9/30,0,83,66
MXN00028263,"LA PESCA, MX",1989/10/1,0,86,66
MXN00028263,"LA PESCA, MX",1989/10/2,0,88,66
MXN00028263,"LA PESCA, MX",1989/10/3,0,86,66
MXN00028263,"LA PESCA, MX",1989/10/4,0,87,66
MXN00028263,"LA PESCA, MX",1989/10/5,0,90,60
MXN00028263,"LA PESCA, MX",1989/10/6,0,87,60
MXN00028263,"LA PESCA, MX",1989/10/7,0.62,89,64
MXN00028263,"LA PESCA, MX",1989/10/8,0,84,71
MXN00028263,"LA PESCA, MX",1989/10/9,0,86,64
MXN00028263,"LA PESCA, MX",1989/10/10,0,82,64
MXN00028263,"LA PESCA, MX",1989/10/11,0,82,62
MXN00028263,"LA PESCA, MX",1989/10/12,0,82,60
MXN00028263,"LA PESCA, MX",1989/10/13,0,84,64
MXN00028263,"LA PESCA, MX",1989/10/14,0,86,66
MXN00028263,"LA PESCA, MX",1989/10/15,0,86,71
MXN00028263,"LA PESCA, MX",1989/10/16,0,86,71
MXN00028263,"LA PESCA, MX",1989/10/17,0.78,84,71
MXN00028263,"LA PESCA, MX",1989/10/18,0,75,62
MXN00028263,"LA PESCA, MX",1989/10/19,0,71,56
MXN00028263,"LA PESCA, MX",1989/10/20,0,73,53
MXN00028263,"LA PESCA, MX",1989/10/21,0,86,53
MXN00028263,"LA PESCA, MX",1989/10/22,0,86,55
MXN00028263,"LA PESCA, MX",1989/10/23,0,86,71
MXN00028263,"LA PESCA, MX",1989/10/24,2.87,84,71
MXN00028263,"LA PESCA, MX",1989/10/25,0,82,60
MXN00028263,"LA PESCA, MX",1989/10/26,0,82,59
MXN00028263,"LA PESCA, MX",1989/10/27,0,82,60
MXN00028263,"LA PESCA, MX",1989/10/28,0,82,69
MXN00028263,"LA PESCA, MX",1989/10/29,0,84,69
MXN00028263,"LA PESCA, MX",1989/10/30,1.57,82,66
MXN00028263,"LA PESCA, MX",1989/10/31,0,,
MXN00028263,"LA PESCA, MX",1989/11/1,0,80,60
MXN00028263,"LA PESCA, MX",1989/11/2,0,80,60
MXN00028263,"LA PESCA, MX",1989/11/3,0,75,53
MXN00028263,"LA PESCA, MX",1989/11/4,0,80,55
MXN00028263,"LA PESCA, MX",1989/11/5,0,84,57
MXN00028263,"LA PESCA, MX",1989/11/6,0,84,68
MXN00028263,"LA PESCA, MX",1989/11/7,0,86,71
MXN00028263,"LA PESCA, MX",1989/11/8,0,86,71
MXN00028263,"LA PESCA, MX",1989/11/9,0,82,71
MXN00028263,"LA PESCA, MX",1989/11/10,3.42,82,66
MXN00028263,"LA PESCA, MX",1989/11/11,0,84,68
MXN00028263,"LA PESCA, MX",1989/11/12,0,84,68
MXN00028263,"LA PESCA, MX",1989/11/13,0,84,71
MXN00028263,"LA PESCA, MX",1989/11/14,0,82,71
MXN00028263,"LA PESCA, MX",1989/11/15,0,84,71
MXN00028263,"LA PESCA, MX",1989/11/16,0,78,71
MXN00028263,"LA PESCA, MX",1989/11/17,0,75,60
MXN00028263,"LA PESCA, MX",1989/11/18,0,75,59
MXN00028263,"LA PESCA, MX",1989/11/19,0,77,59
MXN00028263,"LA PESCA, MX",1989/11/20,0,77,60
MXN00028263,"LA PESCA, MX",1989/11/21,0,84,59
MXN00028263,"LA PESCA, MX",1989/11/22,0,75,59
MXN00028263,"LA PESCA, MX",1989/11/23,0,75,55
MXN00028263,"LA PESCA, MX",1989/11/24,0,75,51
MXN00028263,"LA PESCA, MX",1989/11/25,0,82,54
MXN00028263,"LA PESCA, MX",1989/11/26,0,82,64
MXN00028263,"LA PESCA, MX",1989/11/27,0,82,65
MXN00028263,"LA PESCA, MX",1989/11/28,0,82,68
MXN00028263,"LA PESCA, MX",1989/11/29,0,56,55
MXN00028263,"LA PESCA, MX",1989/11/30,0,56,44
MXN00028263,"LA PESCA, MX",1989/12/1,1.96,55,49
MXN00028263,"LA PESCA, MX",1989/12/2,0.62,55,51
MXN00028263,"LA PESCA, MX",1989/12/3,0,59,51
MXN00028263,"LA PESCA, MX",1989/12/4,0,59,51
MXN00028263,"LA PESCA, MX",1989/12/5,0,77,53
MXN00028263,"LA PESCA, MX",1989/12/6,0,77,55
MXN00028263,"LA PESCA, MX",1989/12/7,0,78,64
MXN00028263,"LA PESCA, MX",1989/12/8,0,,
MXN00028263,"LA PESCA, MX",1989/12/9,0,60,39
MXN00028263,"LA PESCA, MX",1989/12/10,0,75,37
MXN00028263,"LA PESCA, MX",1989/12/11,0,78,39
MXN00028263,"LA PESCA, MX",1989/12/12,0,50,42
MXN00028263,"LA PESCA, MX",1989/12/13,0,57,24
MXN00028263,"LA PESCA, MX",1989/12/14,0,68,24
MXN00028263,"LA PESCA, MX",1989/12/15,0,71,41
MXN00028263,"LA PESCA, MX",1989/12/16,0,50,42
MXN00028263,"LA PESCA, MX",1989/12/17,0,53,39
MXN00028263,"LA PESCA, MX",1989/12/18,0,64,41
MXN00028263,"LA PESCA, MX",1989/12/19,0,59,42
MXN00028263,"LA PESCA, MX",1989/12/20,0,53,44
MXN00028263,"LA PESCA, MX",1989/12/21,0,55,44
MXN00028263,"LA PESCA, MX",1989/12/22,0,50,37
MXN00028263,"LA PESCA, MX",1989/12/23,0,53,24
MXN00028263,"LA PESCA, MX",1989/12/24,0,50,23
MXN00028263,"LA PESCA, MX",1989/12/25,0,62,23
MXN00028263,"LA PESCA, MX",1989/12/26,0,64,26
MXN00028263,"LA PESCA, MX",1989/12/27,0,67,33
MXN00028263,"LA PESCA, MX",1989/12/28,0,68,39
MXN00028263,"LA PESCA, MX",1989/12/29,0,78,44
MXN00028263,"LA PESCA, MX",1989/12/30,0,80,48
MXN00028263,"LA PESCA, MX",1989/12/31,0,,
MXN00028263,"LA PESCA, MX",1990/1/1,0,68,55
MXN00028263,"LA PESCA, MX",1990/1/2,0,69,53
MXN00028263,"LA PESCA, MX",1990/1/3,0,71,53
MXN00028263,"LA PESCA, MX",1990/1/4,0,74,52
MXN00028263,"LA PESCA, MX",1990/1/5,0,75,53
MXN00028263,"LA PESCA, MX",1990/1/6,0,73,53
MXN00028263,"LA PESCA, MX",1990/1/7,0,75,54
MXN00028263,"LA PESCA, MX",1990/1/8,0,84,55
MXN00028263,"LA PESCA, MX",1990/1/9,0,71,50
MXN00028263,"LA PESCA, MX",1990/1/10,0,71,48
MXN00028263,"LA PESCA, MX",1990/1/11,0,77,53
MXN00028263,"LA PESCA, MX",1990/1/12,0,77,49
MXN00028263,"LA PESCA, MX",1990/1/13,0,71,53
MXN00028263,"LA PESCA, MX",1990/1/14,0,74,56
MXN00028263,"LA PESCA, MX",1990/1/15,0,87,57
MXN00028263,"LA PESCA, MX",1990/1/16,0,89,64
MXN00028263,"LA PESCA, MX",1990/1/17,0,78,64
MXN00028263,"LA PESCA, MX",1990/1/18,0,78,66
MXN00028263,"LA PESCA, MX",1990/1/19,0,78,66
MXN00028263,"LA PESCA, MX",1990/1/20,0,77,66
MXN00028263,"LA PESCA, MX",1990/1/21,0,77,59
MXN00028263,"LA PESCA, MX",1990/1/22,0,73,57
MXN00028263,"LA PESCA, MX",1990/1/23,0,82,53
MXN00028263,"LA PESCA, MX",1990/1/24,0,71,57
MXN00028263,"LA PESCA, MX",1990/1/25,0,69,55
MXN00028263,"LA PESCA, MX",1990/1/26,0,68,35
MXN00028263,"LA PESCA, MX",1990/1/27,0,71,34
MXN00028263,"LA PESCA, MX",1990/1/28,0,78,52
MXN00028263,"LA PESCA, MX",1990/1/29,0,84,55
MXN00028263,"LA PESCA, MX",1990/1/30,0,78,50
MXN00028263,"LA PESCA, MX",1990/1/31,0,,
MXN00028263,"LA PESCA, MX",1990/2/1,0,75,60
MXN00028263,"LA PESCA, MX",1990/2/2,0,77,60
MXN00028263,"LA PESCA, MX",1990/2/3,0,78,59
MXN00028263,"LA PESCA, MX",1990/2/4,0,80,60
MXN00028263,"LA PESCA, MX",1990/2/5,0,78,64
MXN00028263,"LA PESCA, MX",1990/2/6,0,80,53
MXN00028263,"LA PESCA, MX",1990/2/7,0,75,57
MXN00028263,"LA PESCA, MX",1990/2/8,0,78,59
MXN00028263,"LA PESCA, MX",1990/2/9,0,77,57
MXN00028263,"LA PESCA, MX",1990/2/10,0,78,55
MXN00028263,"LA PESCA, MX",1990/2/11,0,80,59
MXN00028263,"LA PESCA, MX",1990/2/12,0,78,62
MXN00028263,"LA PESCA, MX",1990/2/13,0,77,60
MXN00028263,"LA PESCA, MX",1990/2/14,0,78,60
MXN00028263,"LA PESCA, MX",1990/2/15,0,78,64
MXN00028263,"LA PESCA, MX",1990/2/16,0,77,64
MXN00028263,"LA PESCA, MX",1990/2/17,0,80,60
MXN00028263,"LA PESCA, MX",1990/2/18,0,69,50
MXN00028263,"LA PESCA, MX",1990/2/19,0,71,53
MXN00028263,"LA PESCA, MX",1990/2/20,0,77,53
MXN00028263,"LA PESCA, MX",1990/2/21,0,75,55
MXN00028263,"LA PESCA, MX",1990/2/22,0,75,53
MXN00028263,"LA PESCA, MX",1990/2/23,0,75,60
MXN00028263,"LA PESCA, MX",1990/2/24,0,75,60
MXN00028263,"LA PESCA, MX",1990/2/25,0,75,64
MXN00028263,"LA PESCA, MX",1990/2/26,0,77,60
MXN00028263,"LA PESCA, MX",1990/2/27,0,84,60
MXN00028263,"LA PESCA, MX",1990/2/28,0,84,60
MXN00028263,"LA PESCA, MX",1990/3/1,0,60,55
MXN00028263,"LA PESCA, MX",1990/3/2,0,75,35
MXN00028263,"LA PESCA, MX",1990/3/3,0,69,40
MXN00028263,"LA PESCA, MX",1990/3/4,0,77,42
MXN00028263,"LA PESCA, MX",1990/3/5,0,78,44
MXN00028263,"LA PESCA, MX",1990/3/6,0,88,59
MXN00028263,"LA PESCA, MX",1990/3/7,0,86,59
MXN00028263,"LA PESCA, MX",1990/3/8,0,86,60
MXN00028263,"LA PESCA, MX",1990/3/9,0,85,60
MXN00028263,"LA PESCA, MX",1990/3/10,0,86,58
MXN00028263,"LA PESCA, MX",1990/3/11,0,89,59
MXN00028263,"LA PESCA, MX",1990/3/12,0,95,60
MXN00028263,"LA PESCA, MX",1990/3/13,0,84,69
MXN00028263,"LA PESCA, MX",1990/3/14,0,89,75
MXN00028263,"LA PESCA, MX",1990/3/15,0,82,61
MXN00028263,"LA PESCA, MX",1990/3/16,0,82,68
MXN00028263,"LA PESCA, MX",1990/3/17,0,87,59
MXN00028263,"LA PESCA, MX",1990/3/18,0,77,59
MXN00028263,"LA PESCA, MX",1990/3/19,0,77,55
MXN00028263,"LA PESCA, MX",1990/3/20,0,77,55
MXN00028263,"LA PESCA, MX",1990/3/21,0,82,59
MXN00028263,"LA PESCA, MX",1990/3/22,0,87,60
MXN00028263,"LA PESCA, MX",1990/3/23,0,86,60
MXN00028263,"LA PESCA, MX",1990/3/24,0,86,60
MXN00028263,"LA PESCA, MX",1990/3/25,0,86,55
MXN00028263,"LA PESCA, MX",1990/3/26,0,78,55
MXN00028263,"LA PESCA, MX",1990/3/27,0,77,58
MXN00028263,"LA PESCA, MX",1990/3/28,0,89,58
MXN00028263,"LA PESCA, MX",1990/3/29,0,95,59
MXN00028263,"LA PESCA, MX",1990/3/30,0,96,60
MXN00028263,"LA PESCA, MX",1990/3/31,0,,
MXN00028263,"LA PESCA, MX",1990/4/1,0,78,66
MXN00028263,"LA PESCA, MX",1990/4/2,0,77,66
MXN00028263,"LA PESCA, MX",1990/4/3,0,82,71
MXN00028263,"LA PESCA, MX",1990/4/4,0.38,84,66
MXN00028263,"LA PESCA, MX",1990/4/5,0.42,84,66
MXN00028263,"LA PESCA, MX",1990/4/6,0,78,68
MXN00028263,"LA PESCA, MX",1990/4/7,0,80,68
MXN00028263,"LA PESCA, MX",1990/4/8,0,82,70
MXN00028263,"LA PESCA, MX",1990/4/9,0,82,68
MXN00028263,"LA PESCA, MX",1990/4/10,0,64,51
MXN00028263,"LA PESCA, MX",1990/4/11,0,77,52
MXN00028263,"LA PESCA, MX",1990/4/12,0,77,53
MXN00028263,"LA PESCA, MX",1990/4/13,0,80,53
MXN00028263,"LA PESCA, MX",1990/4/14,0,80,53
MXN00028263,"LA PESCA, MX",1990/4/15,0,82,71
MXN00028263,"LA PESCA, MX",1990/4/16,0.03,82,69
MXN00028263,"LA PESCA, MX",1990/4/17,0,82,71
MXN00028263,"LA PESCA, MX",1990/4/18,0,84,71
MXN00028263,"LA PESCA, MX",1990/4/19,0,84,73
MXN00028263,"LA PESCA, MX",1990/4/20,0,84,74
MXN00028263,"LA PESCA, MX",1990/4/21,0,84,75
MXN00028263,"LA PESCA, MX",1990/4/22,0,84,75
MXN00028263,"LA PESCA, MX",1990/4/23,0,84,75
MXN00028263,"LA PESCA, MX",1990/4/24,0,84,75
MXN00028263,"LA PESCA, MX",1990/4/25,0,86,77
MXN00028263,"LA PESCA, MX",1990/4/26,0,86,77
MXN00028263,"LA PESCA, MX",1990/4/27,0,86,77
MXN00028263,"LA PESCA, MX",1990/4/28,0.01,86,77
MXN00028263,"LA PESCA, MX",1990/4/29,0,86,71
MXN00028263,"LA PESCA, MX",1990/4/30,0,84,72
MXN00028263,"LA PESCA, MX",1990/5/1,1.06,82,59
MXN00028263,"LA PESCA, MX",1990/5/2,0,84,59
MXN00028263,"LA PESCA, MX",1990/5/3,0,82,60
MXN00028263,"LA PESCA, MX",1990/5/4,0.01,75,62
MXN00028263,"LA PESCA, MX",1990/5/5,0.01,64,53
MXN00028263,"LA PESCA, MX",1990/5/6,0,86,46
MXN00028263,"LA PESCA, MX",1990/5/7,0,86,59
MXN00028263,"LA PESCA, MX",1990/5/8,0,87,61
MXN00028263,"LA PESCA, MX",1990/5/9,0,89,62
MXN00028263,"LA PESCA, MX",1990/5/10,0,87,62
MXN00028263,"LA PESCA, MX",1990/5/11,0,86,64
MXN00028263,"LA PESCA, MX",1990/5/12,0,86,66
MXN00028263,"LA PESCA, MX",1990/5/13,0,86,67
MXN00028263,"LA PESCA, MX",1990/5/14,0,86,64
MXN00028263,"LA PESCA, MX",1990/5/15,0,86,66
MXN00028263,"LA PESCA, MX",1990/5/16,0,87,66
MXN00028263,"LA PESCA, MX",1990/5/17,0,87,66
MXN00028263,"LA PESCA, MX",1990/5/18,0,87,64
MXN00028263,"LA PESCA, MX",1990/5/19,0,87,64
MXN00028263,"LA PESCA, MX",1990/5/20,0,89,64
MXN00028263,"LA PESCA, MX",1990/5/21,0,91,62
MXN00028263,"LA PESCA, MX",1990/5/22,0,91,73
MXN00028263,"LA PESCA, MX",1990/5/23,0,90,75
MXN00028263,"LA PESCA, MX",1990/5/24,0,95,75
MXN00028263,"LA PESCA, MX",1990/5/25,0,90,75
MXN00028263,"LA PESCA, MX",1990/5/26,0,91,76
MXN00028263,"LA PESCA, MX",1990/5/27,0,91,77
MXN00028263,"LA PESCA, MX",1990/5/28,0,91,77
MXN00028263,"LA PESCA, MX",1990/5/29,0,89,77
MXN00028263,"LA PESCA, MX",1990/5/30,0,87,78
MXN00028263,"LA PESCA, MX",1990/5/31,0,,
MXN00028263,"LA PESCA, MX",1990/6/1,0,104,68
MXN00028263,"LA PESCA, MX",1990/6/2,0,102,77
MXN00028263,"LA PESCA, MX",1990/6/3,0,100,77
MXN00028263,"LA PESCA, MX",1990/6/4,0,100,77
MXN00028263,"LA PESCA, MX",1990/6/5,0,98,75
MXN00028263,"LA PESCA, MX",1990/6/6,0,100,75
MXN00028263,"LA PESCA, MX",1990/6/7,0,98,75
MXN00028263,"LA PESCA, MX",1990/6/8,0,101,75
MXN00028263,"LA PESCA, MX",1990/6/9,0.07,93,73
MXN00028263,"LA PESCA, MX",1990/6/10,0,89,71
MXN00028263,"LA PESCA, MX",1990/6/11,0,93,68
MXN00028263,"LA PESCA, MX",1990/6/12,0,98,71
MXN00028263,"LA PESCA, MX",1990/6/13,0,100,73
MXN00028263,"LA PESCA, MX",1990/6/14,0,99,77
MXN00028263,"LA PESCA, MX",1990/6/15,0,98,78
MXN00028263,"LA PESCA, MX",1990/6/16,0,101,75
MXN00028263,"LA PESCA, MX",1990/6/17,0,101,77
MXN00028263,"LA PESCA, MX",1990/6/18,0.17,93,75
MXN00028263,"LA PESCA, MX",1990/6/19,0,97,71
MXN00028263,"LA PESCA, MX",1990/6/20,0,100,71
MXN00028263,"LA PESCA, MX",1990/6/21,0,95,75
MXN00028263,"LA PESCA, MX",1990/6/22,0,101,74
MXN00028263,"LA PESCA, MX",1990/6/23,0,99,75
MXN00028263,"LA PESCA, MX",1990/6/24,0,96,76
MXN00028263,"LA PESCA, MX",1990/6/25,0,97,68
MXN00028263,"LA PESCA, MX",1990/6/26,0,98,73
MXN00028263,"LA PESCA, MX",1990/6/27,0,97,76
MXN00028263,"LA PESCA, MX",1990/6/28,0,98,72
MXN00028263,"LA PESCA, MX",1990/6/29,0.14,96,75
MXN00028263,"LA PESCA, MX",1990/6/30,0,95,71
MXN00028263,"LA PESCA, MX",1990/10/1,0,95,62
MXN00028263,"LA PESCA, MX",1990/10/2,0,98,64
MXN00028263,"LA PESCA, MX",1990/10/3,0,104,66
MXN00028263,"LA PESCA, MX",1990/10/4,0.78,102,68
MXN00028263,"LA PESCA, MX",1990/10/5,0.14,91,62
MXN00028263,"LA PESCA, MX",1990/10/6,0.23,98,62
MXN00028263,"LA PESCA, MX",1990/10/7,0,100,64
MXN00028263,"LA PESCA, MX",1990/10/8,0,100,62
MXN00028263,"LA PESCA, MX",1990/10/9,0.01,102,66
MXN00028263,"LA PESCA, MX",1990/10/10,0,78,46
MXN00028263,"LA PESCA, MX",1990/10/11,0,86,41
MXN00028263,"LA PESCA, MX",1990/10/12,0,93,46
MXN00028263,"LA PESCA, MX",1990/10/13,0,93,50
MXN00028263,"LA PESCA, MX",1990/10/14,0,95,55
MXN00028263,"LA PESCA, MX",1990/10/15,0,98,60
MXN00028263,"LA PESCA, MX",1990/10/16,0,98,62
MXN00028263,"LA PESCA, MX",1990/10/17,0.15,96,64
MXN00028263,"LA PESCA, MX",1990/10/18,0.59,95,62
MXN00028263,"LA PESCA, MX",1990/10/19,0,91,53
MXN00028263,"LA PESCA, MX",1990/10/20,0,95,55
MXN00028263,"LA PESCA, MX",1990/10/21,0.43,95,60
MXN00028263,"LA PESCA, MX",1990/10/22,0.03,80,44
MXN00028263,"LA PESCA, MX",1990/10/23,0,86,44
MXN00028263,"LA PESCA, MX",1990/10/24,0,89,46
MXN00028263,"LA PESCA, MX",1990/10/25,0,89,51
MXN00028263,"LA PESCA, MX",1990/10/26,0,91,46
MXN00028263,"LA PESCA, MX",1990/10/27,0,91,48
MXN00028263,"LA PESCA, MX",1990/10/28,0,91,50
MXN00028263,"LA PESCA, MX",1990/10/29,0,91,48
MXN00028263,"LA PESCA, MX",1990/10/30,0,93,48
MXN00028263,"LA PESCA, MX",1990/10/31,0,,
MXN00028263,"LA PESCA, MX",1990/11/1,0,95,53
MXN00028263,"LA PESCA, MX",1990/11/2,0,95,51
MXN00028263,"LA PESCA, MX",1990/11/3,0,95,53
MXN00028263,"LA PESCA, MX",1990/11/4,0.41,96,59
MXN00028263,"LA PESCA, MX",1990/11/5,0,78,59
MXN00028263,"LA PESCA, MX",1990/11/6,0,87,44
MXN00028263,"LA PESCA, MX",1990/11/7,0.07,87,42
MXN00028263,"LA PESCA, MX",1990/11/8,0,91,53
MXN00028263,"LA PESCA, MX",1990/11/9,0,91,59
MXN00028263,"LA PESCA, MX",1990/11/10,0,82,42
MXN00028263,"LA PESCA, MX",1990/11/11,0,82,42
MXN00028263,"LA PESCA, MX",1990/11/12,0,78,44
MXN00028263,"LA PESCA, MX",1990/11/13,0.05,77,44
MXN00028263,"LA PESCA, MX",1990/11/14,0,86,55
MXN00028263,"LA PESCA, MX",1990/11/15,0,82,57
MXN00028263,"LA PESCA, MX",1990/11/16,0.31,75,51
MXN00028263,"LA PESCA, MX",1990/11/17,0,78,51
MXN00028263,"LA PESCA, MX",1990/11/18,0,78,62
MXN00028263,"LA PESCA, MX",1990/11/19,0,80,64
MXN00028263,"LA PESCA, MX",1990/11/20,0,80,66
MXN00028263,"LA PESCA, MX",1990/11/21,0,82,66
MXN00028263,"LA PESCA, MX",1990/11/22,0,80,66
MXN00028263,"LA PESCA, MX",1990/11/23,0,84,64
MXN00028263,"LA PESCA, MX",1990/11/24,0,82,64
MXN00028263,"LA PESCA, MX",1990/11/25,0,82,66
MXN00028263,"LA PESCA, MX",1990/11/26,0,82,68
MXN00028263,"LA PESCA, MX",1990/11/27,0,82,69
MXN00028263,"LA PESCA, MX",1990/11/28,0.04,84,71
MXN00028263,"LA PESCA, MX",1990/11/29,0.19,60,53
MXN00028263,"LA PESCA, MX",1990/11/30,0,59,54
MXN00028263,"LA PESCA, MX",1990/12/1,0,68,64
MXN00028263,"LA PESCA, MX",1990/12/2,0,69,64
MXN00028263,"LA PESCA, MX",1990/12/3,0,77,66
MXN00028263,"LA PESCA, MX",1990/12/4,0,59,53
MXN00028263,"LA PESCA, MX",1990/12/5,0,66,42
MXN00028263,"LA PESCA, MX",1990/12/6,0,75,48
MXN00028263,"LA PESCA, MX",1990/12/7,0,66,53
MXN00028263,"LA PESCA, MX",1990/12/8,0,66,41
MXN00028263,"LA PESCA, MX",1990/12/9,0,69,41
MXN00028263,"LA PESCA, MX",1990/12/10,0,71,41
MXN00028263,"LA PESCA, MX",1990/12/11,0,75,44
MXN00028263,"LA PESCA, MX",1990/12/12,0,77,55
MXN00028263,"LA PESCA, MX",1990/12/13,0,77,60
MXN00028263,"LA PESCA, MX",1990/12/14,0,78,60
MXN00028263,"LA PESCA, MX",1990/12/15,0,80,64
MXN00028263,"LA PESCA, MX",1990/12/16,0,80,64
MXN00028263,"LA PESCA, MX",1990/12/17,0,80,64
MXN00028263,"LA PESCA, MX",1990/12/18,0,75,68
MXN00028263,"LA PESCA, MX",1990/12/19,0,77,53
MXN00028263,"LA PESCA, MX",1990/12/20,0,78,53
MXN00028263,"LA PESCA, MX",1990/12/21,0,73,66
MXN00028263,"LA PESCA, MX",1990/12/22,0,75,66
MXN00028263,"LA PESCA, MX",1990/12/23,0,48,39
MXN00028263,"LA PESCA, MX",1990/12/24,0,68,39
MXN00028263,"LA PESCA, MX",1990/12/25,0,78,42
MXN00028263,"LA PESCA, MX",1990/12/26,0,75,50
MXN00028263,"LA PESCA, MX",1990/12/27,0,78,53
MXN00028263,"LA PESCA, MX",1990/12/28,0,75,55
MXN00028263,"LA PESCA, MX",1990/12/29,0,77,59
MXN00028263,"LA PESCA, MX",1990/12/30,0,78,66
MXN00028263,"LA PESCA, MX",1990/12/31,0,,
MXN00028263,"LA PESCA, MX",1991/1/1,0,59,46
MXN00028263,"LA PESCA, MX",1991/1/2,0,64,48
MXN00028263,"LA PESCA, MX",1991/1/3,0,69,53
MXN00028263,"LA PESCA, MX",1991/1/4,0,59,51
MXN00028263,"LA PESCA, MX",1991/1/5,0,71,51
MXN00028263,"LA PESCA, MX",1991/1/6,0.15,73,55
MXN00028263,"LA PESCA, MX",1991/1/7,0,59,57
MXN00028263,"LA PESCA, MX",1991/1/8,0,60,50
MXN00028263,"LA PESCA, MX",1991/1/9,0,62,51
MXN00028263,"LA PESCA, MX",1991/1/10,0,68,51
MXN00028263,"LA PESCA, MX",1991/1/11,0,64,57
MXN00028263,"LA PESCA, MX",1991/1/12,0,64,48
MXN00028263,"LA PESCA, MX",1991/1/13,0,68,50
MXN00028263,"LA PESCA, MX",1991/1/14,0,75,53
MXN00028263,"LA PESCA, MX",1991/1/15,0,71,60
MXN00028263,"LA PESCA, MX",1991/1/16,0,75,48
MXN00028263,"LA PESCA, MX",1991/1/17,0.31,75,59
MXN00028263,"LA PESCA, MX",1991/1/18,0,68,66
MXN00028263,"LA PESCA, MX",1991/1/19,0,64,53
MXN00028263,"LA PESCA, MX",1991/1/20,0.03,60,51
MXN00028263,"LA PESCA, MX",1991/1/21,0,51,50
MXN00028263,"LA PESCA, MX",1991/1/22,0,57,41
MXN00028263,"LA PESCA, MX",1991/1/23,0,64,48
MXN00028263,"LA PESCA, MX",1991/1/24,0,60,55
MXN00028263,"LA PESCA, MX",1991/1/25,0,68,46
MXN00028263,"LA PESCA, MX",1991/1/26,0,73,51
MXN00028263,"LA PESCA, MX",1991/1/27,0,75,57
MXN00028263,"LA PESCA, MX",1991/1/28,0,73,59
MXN00028263,"LA PESCA, MX",1991/1/29,0,73,60
MXN00028263,"LA PESCA, MX",1991/1/30,0,77,64
MXN00028263,"LA PESCA, MX",1991/1/31,0,,
MXN00028263,"LA PESCA, MX",1991/2/1,0,66,48
MXN00028263,"LA PESCA, MX",1991/2/2,0,78,50
MXN00028263,"LA PESCA, MX",1991/2/3,0.39,69,57
MXN00028263,"LA PESCA, MX",1991/2/4,0,73,59
MXN00028263,"LA PESCA, MX",1991/2/5,0,71,60
MXN00028263,"LA PESCA, MX",1991/2/6,0,71,59
MXN00028263,"LA PESCA, MX",1991/2/7,0,68,60
MXN00028263,"LA PESCA, MX",1991/2/8,0,69,57
MXN00028263,"LA PESCA, MX",1991/2/9,0,71,46
MXN00028263,"LA PESCA, MX",1991/2/10,0,75,46
MXN00028263,"LA PESCA, MX",1991/2/11,0,77,55
MXN00028263,"LA PESCA, MX",1991/2/12,0,75,59
MXN00028263,"LA PESCA, MX",1991/2/13,0,77,60
MXN00028263,"LA PESCA, MX",1991/2/14,0,87,60
MXN00028263,"LA PESCA, MX",1991/2/15,0.07,69,59
MXN00028263,"LA PESCA, MX",1991/2/16,0,77,59
MXN00028263,"LA PESCA, MX",1991/2/17,0,78,60
MXN00028263,"LA PESCA, MX",1991/2/18,0,80,66
MXN00028263,"LA PESCA, MX",1991/2/19,0,78,68
MXN00028263,"LA PESCA, MX",1991/2/20,0,66,55
MXN00028263,"LA PESCA, MX",1991/2/21,0,71,51
MXN00028263,"LA PESCA, MX",1991/2/22,0,77,48
MXN00028263,"LA PESCA, MX",1991/2/23,0,75,50
MXN00028263,"LA PESCA, MX",1991/2/24,0,77,53
MXN00028263,"LA PESCA, MX",1991/2/25,0,80,60
MXN00028263,"LA PESCA, MX",1991/2/26,0.07,55,51
MXN00028263,"LA PESCA, MX",1991/2/27,0,62,48
MXN00028263,"LA PESCA, MX",1991/2/28,0,62,48
MXN00028263,"LA PESCA, MX",1991/3/1,0,78,59
MXN00028263,"LA PESCA, MX",1991/3/2,0,80,57
MXN00028263,"LA PESCA, MX",1991/3/3,0,84,55
MXN00028263,"LA PESCA, MX",1991/3/4,0,82,50
MXN00028263,"LA PESCA, MX",1991/3/5,0,77,57
MXN00028263,"LA PESCA, MX",1991/3/6,0,89,66
MXN00028263,"LA PESCA, MX",1991/3/7,0,86,60
MXN00028263,"LA PESCA, MX",1991/3/8,0,80,59
MXN00028263,"LA PESCA, MX",1991/3/9,0,73,59
MXN00028263,"LA PESCA, MX",1991/3/10,0,77,57
MXN00028263,"LA PESCA, MX",1991/3/11,0,77,60
MXN00028263,"LA PESCA, MX",1991/3/12,0,80,62
MXN00028263,"LA PESCA, MX",1991/3/13,0,82,60
MXN00028263,"LA PESCA, MX",1991/3/14,0,80,62
MXN00028263,"LA PESCA, MX",1991/3/15,0,86,62
MXN00028263,"LA PESCA, MX",1991/3/16,0,84,60
MXN00028263,"LA PESCA, MX",1991/3/17,0,77,69
MXN00028263,"LA PESCA, MX",1991/3/18,0,78,60
MXN00028263,"LA PESCA, MX",1991/3/19,0,80,59
MXN00028263,"LA PESCA, MX",1991/3/20,0,82,60
MXN00028263,"LA PESCA, MX",1991/3/21,0,84,71
MXN00028263,"LA PESCA, MX",1991/3/22,0,84,71
MXN00028263,"LA PESCA, MX",1991/3/23,0.03,73,66
MXN00028263,"LA PESCA, MX",1991/3/24,0.03,82,66
MXN00028263,"LA PESCA, MX",1991/3/25,0,80,68
MXN00028263,"LA PESCA, MX",1991/3/26,0,78,66
MXN00028263,"LA PESCA, MX",1991/3/27,0,80,64
MXN00028263,"LA PESCA, MX",1991/3/28,0,82,68
MXN00028263,"LA PESCA, MX",1991/3/29,0,78,66
MXN00028263,"LA PESCA, MX",1991/3/30,0,82,59
MXN00028263,"LA PESCA, MX",1991/3/31,0,,
MXN00028263,"LA PESCA, MX",1991/4/1,0,78,64
MXN00028263,"LA PESCA, MX",1991/4/2,0,80,62
MXN00028263,"LA PESCA, MX",1991/4/3,0,82,64
MXN00028263,"LA PESCA, MX",1991/4/4,0,82,64
MXN00028263,"LA PESCA, MX",1991/4/5,1.53,75,68
MXN00028263,"LA PESCA, MX",1991/4/6,0.23,78,64
MXN00028263,"LA PESCA, MX",1991/4/7,0,80,66
MXN00028263,"LA PESCA, MX",1991/4/8,0,82,71
MXN00028263,"LA PESCA, MX",1991/4/9,0.55,84,73
MXN00028263,"LA PESCA, MX",1991/4/10,0,86,69
MXN00028263,"LA PESCA, MX",1991/4/11,0,84,69
MXN00028263,"LA PESCA, MX",1991/4/12,0,82,71
MXN00028263,"LA PESCA, MX",1991/4/13,0,84,73
MXN00028263,"LA PESCA, MX",1991/4/14,0,86,73
MXN00028263,"LA PESCA, MX",1991/4/15,0,78,71
MXN00028263,"LA PESCA, MX",1991/4/16,0,84,71
MXN00028263,"LA PESCA, MX",1991/4/17,0,84,73
MXN00028263,"LA PESCA, MX",1991/4/18,0,82,71
MXN00028263,"LA PESCA, MX",1991/4/19,0,86,75
MXN00028263,"LA PESCA, MX",1991/4/20,0,87,71
MXN00028263,"LA PESCA, MX",1991/4/21,0,86,68
MXN00028263,"LA PESCA, MX",1991/4/22,0,86,68
MXN00028263,"LA PESCA, MX",1991/4/23,0,86,69
MXN00028263,"LA PESCA, MX",1991/4/24,0,89,71
MXN00028263,"LA PESCA, MX",1991/4/25,0,87,69
MXN00028263,"LA PESCA, MX",1991/4/26,0,86,75
MXN00028263,"LA PESCA, MX",1991/4/27,0,89,77
MXN00028263,"LA PESCA, MX",1991/4/28,0,89,77
MXN00028263,"LA PESCA, MX",1991/4/29,0,87,75
MXN00028263,"LA PESCA, MX",1991/4/30,0,86,69
MXN00028263,"LA PESCA, MX",1991/5/1,0,82,69
MXN00028263,"LA PESCA, MX",1991/5/2,0,82,71
MXN00028263,"LA PESCA, MX",1991/5/3,0,87,71
MXN00028263,"LA PESCA, MX",1991/5/4,0,87,77
MXN00028263,"LA PESCA, MX",1991/5/5,0,87,77
MXN00028263,"LA PESCA, MX",1991/5/6,0,84,73
MXN00028263,"LA PESCA, MX",1991/5/7,0,87,64
MXN00028263,"LA PESCA, MX",1991/5/8,0,87,75
MXN00028263,"LA PESCA, MX",1991/5/9,0,87,75
MXN00028263,"LA PESCA, MX",1991/5/10,0,89,77
MXN00028263,"LA PESCA, MX",1991/5/11,0,89,77
MXN00028263,"LA PESCA, MX",1991/5/12,0,87,73
MXN00028263,"LA PESCA, MX",1991/5/13,0.27,86,78
MXN00028263,"LA PESCA, MX",1991/5/14,0.11,86,68
MXN00028263,"LA PESCA, MX",1991/5/15,0,87,69
MXN00028263,"LA PESCA, MX",1991/5/16,1.57,87,75
MXN00028263,"LA PESCA, MX",1991/5/17,0,84,66
MXN00028263,"LA PESCA, MX",1991/5/18,0,87,69
MXN00028263,"LA PESCA, MX",1991/5/19,0,87,71
MXN00028263,"LA PESCA, MX",1991/5/20,0,89,73
MXN00028263,"LA PESCA, MX",1991/5/21,0,87,71
MXN00028263,"LA PESCA, MX",1991/5/22,0,87,71
MXN00028263,"LA PESCA, MX",1991/5/23,0,91,73
MXN00028263,"LA PESCA, MX",1991/5/24,0.15,89,75
MXN00028263,"LA PESCA, MX",1991/5/25,0,89,75
MXN00028263,"LA PESCA, MX",1991/5/26,0,89,75
MXN00028263,"LA PESCA, MX",1991/5/27,0,89,78
MXN00028263,"LA PESCA, MX",1991/5/28,0,89,77
MXN00028263,"LA PESCA, MX",1991/5/29,0,89,78
MXN00028263,"LA PESCA, MX",1991/5/30,0,89,78
MXN00028263,"LA PESCA, MX",1991/5/31,0,,
MXN00028263,"LA PESCA, MX",1991/6/1,0,98,80
MXN00028263,"LA PESCA, MX",1991/6/2,0,97,80
MXN00028263,"LA PESCA, MX",1991/6/3,0,96,78
MXN00028263,"LA PESCA, MX",1991/6/4,0,95,78
MXN00028263,"LA PESCA, MX",1991/6/5,0,98,77
MXN00028263,"LA PESCA, MX",1991/6/6,0,100,77
MXN00028263,"LA PESCA, MX",1991/6/7,0,95,75
MXN00028263,"LA PESCA, MX",1991/6/8,0,93,75
MXN00028263,"LA PESCA, MX",1991/6/9,0.45,100,73
MXN00028263,"LA PESCA, MX",1991/6/10,0.15,96,71
MXN00028263,"LA PESCA, MX",1991/6/11,0.07,95,73
MXN00028263,"LA PESCA, MX",1991/6/12,0,98,75
MXN00028263,"LA PESCA, MX",1991/6/13,0,100,77
MXN00028263,"LA PESCA, MX",1991/6/14,0,100,77
MXN00028263,"LA PESCA, MX",1991/6/15,0,98,75
MXN00028263,"LA PESCA, MX",1991/6/16,0,100,75
MXN00028263,"LA PESCA, MX",1991/6/17,0,104,73
MXN00028263,"LA PESCA, MX",1991/6/18,0,105,75
MXN00028263,"LA PESCA, MX",1991/6/19,0,96,73
MXN00028263,"LA PESCA, MX",1991/6/20,0,98,75
MXN00028263,"LA PESCA, MX",1991/6/21,0,95,77
MXN00028263,"LA PESCA, MX",1991/6/22,0,96,77
MXN00028263,"LA PESCA, MX",1991/6/23,0.43,102,77
MXN00028263,"LA PESCA, MX",1991/6/24,1.06,100,73
MXN00028263,"LA PESCA, MX",1991/6/25,0,100,73
MXN00028263,"LA PESCA, MX",1991/6/26,0.19,96,71
MXN00028263,"LA PESCA, MX",1991/6/27,1.29,89,75
MXN00028263,"LA PESCA, MX",1991/6/28,3.18,93,73
MXN00028263,"LA PESCA, MX",1991/6/29,6.57,80,71
MXN00028263,"LA PESCA, MX",1991/6/30,0,78,72
MXN00028263,"LA PESCA, MX",1991/7/1,3.66,77,71
MXN00028263,"LA PESCA, MX",1991/7/2,3.03,80,71
MXN00028263,"LA PESCA, MX",1991/7/3,0.82,84,71
MXN00028263,"LA PESCA, MX",1991/7/4,0,86,69
MXN00028263,"LA PESCA, MX",1991/7/5,0.82,84,73
MXN00028263,"LA PESCA, MX",1991/7/6,0.82,82,75
MXN00028263,"LA PESCA, MX",1991/7/7,0,86,73
MXN00028263,"LA PESCA, MX",1991/7/8,0.23,86,75
MXN00028263,"LA PESCA, MX",1991/7/9,0.39,86,73
MXN00028263,"LA PESCA, MX",1991/7/10,0,87,73
MXN00028263,"LA PESCA, MX",1991/7/11,0,86,75
MXN00028263,"LA PESCA, MX",1991/7/12,0,86,71
MXN00028263,"LA PESCA, MX",1991/7/13,0,87,75
MXN00028263,"LA PESCA, MX",1991/7/14,0.07,82,66
MXN00028263,"LA PESCA, MX",1991/7/15,0,87,73
MXN00028263,"LA PESCA, MX",1991/7/16,0,93,73
MXN00028263,"LA PESCA, MX",1991/7/17,0,91,75
MXN00028263,"LA PESCA, MX",1991/7/18,0,87,75
MXN00028263,"LA PESCA, MX",1991/7/19,0,93,71
MXN00028263,"LA PESCA, MX",1991/7/20,0,89,73
MXN00028263,"LA PESCA, MX",1991/7/21,0.27,89,75
MXN00028263,"LA PESCA, MX",1991/7/22,0.27,89,75
MXN00028263,"LA PESCA, MX",1991/7/23,0,93,75
MXN00028263,"LA PESCA, MX",1991/7/24,0,96,73
MXN00028263,"LA PESCA, MX",1991/7/25,0,98,71
MXN00028263,"LA PESCA, MX",1991/7/26,0,96,73
MXN00028263,"LA PESCA, MX",1991/7/27,0,100,75
MXN00028263,"LA PESCA, MX",1991/7/28,0,100,75
MXN00028263,"LA PESCA, MX",1991/7/29,0,96,77
MXN00028263,"LA PESCA, MX",1991/7/30,0,98,73
MXN00028263,"LA PESCA, MX",1991/7/31,0,,
MXN00028263,"LA PESCA, MX",1991/8/1,0,95,75
MXN00028263,"LA PESCA, MX",1991/8/2,0,93,75
MXN00028263,"LA PESCA, MX",1991/8/3,0,93,73
MXN00028263,"LA PESCA, MX",1991/8/4,0,87,75
MXN00028263,"LA PESCA, MX",1991/8/5,0.15,98,75
MXN00028263,"LA PESCA, MX",1991/8/6,0.31,95,75
MXN00028263,"LA PESCA, MX",1991/8/7,0.11,89,73
MXN00028263,"LA PESCA, MX",1991/8/8,0,91,73
MXN00028263,"LA PESCA, MX",1991/8/9,0,93,73
MXN00028263,"LA PESCA, MX",1991/8/10,0,98,75
MXN00028263,"LA PESCA, MX",1991/8/11,0,96,77
MXN00028263,"LA PESCA, MX",1991/8/12,0,91,77
MXN00028263,"LA PESCA, MX",1991/8/13,0,98,73
MXN00028263,"LA PESCA, MX",1991/8/14,0,95,73
MXN00028263,"LA PESCA, MX",1991/8/15,0,96,75
MXN00028263,"LA PESCA, MX",1991/8/16,0,98,71
MXN00028263,"LA PESCA, MX",1991/8/17,0,95,69
MXN00028263,"LA PESCA, MX",1991/8/18,0,93,73
MXN00028263,"LA PESCA, MX",1991/8/19,0,98,75
MXN00028263,"LA PESCA, MX",1991/8/20,0,96,71
MXN00028263,"LA PESCA, MX",1991/8/21,0,95,77
MXN00028263,"LA PESCA, MX",1991/8/22,0,96,73
MXN00028263,"LA PESCA, MX",1991/8/23,0,95,71
MXN00028263,"LA PESCA, MX",1991/8/24,0,91,69
MXN00028263,"LA PESCA, MX",1991/8/25,0.15,89,69
MXN00028263,"LA PESCA, MX",1991/8/26,0,91,71
MXN00028263,"LA PESCA, MX",1991/8/27,0,95,71
MXN00028263,"LA PESCA, MX",1991/8/28,0,95,73
MXN00028263,"LA PESCA, MX",1991/8/29,0,96,69
MXN00028263,"LA PESCA, MX",1991/8/30,0,98,71
MXN00028263,"LA PESCA, MX",1991/8/31,0,,
MXN00028263,"LA PESCA, MX",1991/9/1,0,91,73
MXN00028263,"LA PESCA, MX",1991/9/2,0,93,73
MXN00028263,"LA PESCA, MX",1991/9/3,0.37,93,73
MXN00028263,"LA PESCA, MX",1991/9/4,0.43,87,71
MXN00028263,"LA PESCA, MX",1991/9/5,0.78,86,73
MXN00028263,"LA PESCA, MX",1991/9/6,1.02,86,73
MXN00028263,"LA PESCA, MX",1991/9/7,0.31,84,73
MXN00028263,"LA PESCA, MX",1991/9/8,0.05,89,75
MXN00028263,"LA PESCA, MX",1991/9/9,1.18,87,73
MXN00028263,"LA PESCA, MX",1991/9/10,2.2,87,73
MXN00028263,"LA PESCA, MX",1991/9/11,0.03,87,73
MXN00028263,"LA PESCA, MX",1991/9/12,0,89,75
MXN00028263,"LA PESCA, MX",1991/9/13,1.88,89,73
MXN00028263,"LA PESCA, MX",1991/9/14,0.47,89,73
MXN00028263,"LA PESCA, MX",1991/9/15,1.96,89,73
MXN00028263,"LA PESCA, MX",1991/9/16,0.21,82,71
MXN00028263,"LA PESCA, MX",1991/9/17,0.35,89,73
MXN00028263,"LA PESCA, MX",1991/9/18,0.55,87,71
MXN00028263,"LA PESCA, MX",1991/9/19,0,87,73
MXN00028263,"LA PESCA, MX",1991/9/20,0,89,62
MXN00028263,"LA PESCA, MX",1991/9/21,0,78,62
MXN00028263,"LA PESCA, MX",1991/9/22,0.03,82,64
MXN00028263,"LA PESCA, MX",1991/9/23,0,89,68
MXN00028263,"LA PESCA, MX",1991/9/24,0,87,71
MXN00028263,"LA PESCA, MX",1991/9/25,0,80,73
MXN00028263,"LA PESCA, MX",1991/9/26,0,82,60
MXN00028263,"LA PESCA, MX",1991/9/27,0,84,60
MXN00028263,"LA PESCA, MX",1991/9/28,0,80,66
MXN00028263,"LA PESCA, MX",1991/9/29,0,80,69
MXN00028263,"LA PESCA, MX",1991/9/30,0,78,70
MXN00028263,"LA PESCA, MX",1991/10/1,0.15,84,68
MXN00028263,"LA PESCA, MX",1991/10/2,0,82,71
MXN00028263,"LA PESCA, MX",1991/10/3,0,84,71
MXN00028263,"LA PESCA, MX",1991/10/4,0,86,71
MXN00028263,"LA PESCA, MX",1991/10/5,0.07,87,73
MXN00028263,"LA PESCA, MX",1991/10/6,1.53,77,64
MXN00028263,"LA PESCA, MX",1991/10/7,0.74,69,62
MXN00028263,"LA PESCA, MX",1991/10/8,0,78,64
MXN00028263,"LA PESCA, MX",1991/10/9,0.59,80,68
MXN00028263,"LA PESCA, MX",1991/10/10,0,82,69
MXN00028263,"LA PESCA, MX",1991/10/11,0,82,64
MXN00028263,"LA PESCA, MX",1991/10/12,0,84,62
MXN00028263,"LA PESCA, MX",1991/10/13,0,84,64
MXN00028263,"LA PESCA, MX",1991/10/14,0,84,66
MXN00028263,"LA PESCA, MX",1991/10/15,0,86,68
MXN00028263,"LA PESCA, MX",1991/10/16,0,86,66
MXN00028263,"LA PESCA, MX",1991/10/17,0,84,68
MXN00028263,"LA PESCA, MX",1991/10/18,0,86,66
MXN00028263,"LA PESCA, MX",1991/10/19,0,84,68
MXN00028263,"LA PESCA, MX",1991/10/20,0,86,68
MXN00028263,"LA PESCA, MX",1991/10/21,0,86,66
MXN00028263,"LA PESCA, MX",1991/10/22,0,87,69
MXN00028263,"LA PESCA, MX",1991/10/23,0,86,73
MXN00028263,"LA PESCA, MX",1991/10/24,0,102,73
MXN00028263,"LA PESCA, MX",1991/10/25,0,86,71
MXN00028263,"LA PESCA, MX",1991/10/26,0,86,71
MXN00028263,"LA PESCA, MX",1991/10/27,0,86,73
MXN00028263,"LA PESCA, MX",1991/10/28,0,87,78
MXN00028263,"LA PESCA, MX",1991/10/29,0,89,78
MXN00028263,"LA PESCA, MX",1991/10/30,0.21,86,78
MXN00028263,"LA PESCA, MX",1991/10/31,0,,
MXN00028263,"LA PESCA, MX",1991/11/1,0,64,57
MXN00028263,"LA PESCA, MX",1991/11/2,0,69,57
MXN00028263,"LA PESCA, MX",1991/11/3,0,53,48
MXN00028263,"LA PESCA, MX",1991/11/4,0,53,44
MXN00028263,"LA PESCA, MX",1991/11/5,0,66,48
MXN00028263,"LA PESCA, MX",1991/11/6,0,71,53
MXN00028263,"LA PESCA, MX",1991/11/7,0,80,53
MXN00028263,"LA PESCA, MX",1991/11/8,0,69,53
MXN00028263,"LA PESCA, MX",1991/11/9,0,68,44
MXN00028263,"LA PESCA, MX",1991/11/10,0,73,48
MXN00028263,"LA PESCA, MX",1991/11/11,0,77,57
MXN00028263,"LA PESCA, MX",1991/11/12,0,80,64
MXN00028263,"LA PESCA, MX",1991/11/13,0,78,60
MXN00028263,"LA PESCA, MX",1991/11/14,0,80,64
MXN00028263,"LA PESCA, MX",1991/11/15,0,80,68
MXN00028263,"LA PESCA, MX",1991/11/16,0,80,68
MXN00028263,"LA PESCA, MX",1991/11/17,0,80,68
MXN00028263,"LA PESCA, MX",1991/11/18,0,80,68
MXN00028263,"LA PESCA, MX",1991/11/19,0,82,69
MXN00028263,"LA PESCA, MX",1991/11/20,0,68,64
MXN00028263,"LA PESCA, MX",1991/11/21,0,73,48
MXN00028263,"LA PESCA, MX",1991/11/22,0,75,51
MXN00028263,"LA PESCA, MX",1991/11/23,0,59,57
MXN00028263,"LA PESCA, MX",1991/11/24,0,55,50
MXN00028263,"LA PESCA, MX",1991/11/25,0,66,48
MXN00028263,"LA PESCA, MX",1991/11/26,0,78,53
MXN00028263,"LA PESCA, MX",1991/11/27,0,80,59
MXN00028263,"LA PESCA, MX",1991/11/28,0,78,69
MXN00028263,"LA PESCA, MX",1991/11/29,0,84,69
MXN00028263,"LA PESCA, MX",1991/11/30,0,82,70
MXN00028263,"LA PESCA, MX",1991/12/1,0,71,55
MXN00028263,"LA PESCA, MX",1991/12/2,0,68,48
MXN00028263,"LA PESCA, MX",1991/12/3,0,57,48
MXN00028263,"LA PESCA, MX",1991/12/4,0,73,50
MXN00028263,"LA PESCA, MX",1991/12/5,0,75,50
MXN00028263,"LA PESCA, MX",1991/12/6,0.15,75,60
MXN00028263,"LA PESCA, MX",1991/12/7,0.03,78,62
MXN00028263,"LA PESCA, MX",1991/12/8,0,78,66
MXN00028263,"LA PESCA, MX",1991/12/9,0,78,68
MXN00028263,"LA PESCA, MX",1991/12/10,0,80,64
MXN00028263,"LA PESCA, MX",1991/12/11,0,78,64
MXN00028263,"LA PESCA, MX",1991/12/12,0,78,64
MXN00028263,"LA PESCA, MX",1991/12/13,0.37,80,68
MXN00028263,"LA PESCA, MX",1991/12/14,0.31,68,66
MXN00028263,"LA PESCA, MX",1991/12/15,0,59,51
MXN00028263,"LA PESCA, MX",1991/12/16,0.07,55,51
MXN00028263,"LA PESCA, MX",1991/12/17,0.03,60,51
MXN00028263,"LA PESCA, MX",1991/12/18,0.59,64,55
MXN00028263,"LA PESCA, MX",1991/12/19,0.23,75,60
MXN00028263,"LA PESCA, MX",1991/12/20,1.14,77,62
MXN00028263,"LA PESCA, MX",1991/12/21,0.35,75,69
MXN00028263,"LA PESCA, MX",1991/12/22,0,77,69
MXN00028263,"LA PESCA, MX",1991/12/23,0,73,69
MXN00028263,"LA PESCA, MX",1991/12/24,0.05,59,55
MXN00028263,"LA PESCA, MX",1991/12/25,0,59,48
MXN00028263,"LA PESCA, MX",1991/12/26,0,55,51
MXN00028263,"LA PESCA, MX",1991/12/27,0,64,50
MXN00028263,"LA PESCA, MX",1991/12/28,0,62,46
MXN00028263,"LA PESCA, MX",1991/12/29,0,68,46
MXN00028263,"LA PESCA, MX",1991/12/30,0,69,53
MXN00028263,"LA PESCA, MX",1991/12/31,0,,
MXN00028263,"LA PESCA, MX",1992/1/1,0,71,64
MXN00028263,"LA PESCA, MX",1992/1/2,0.05,73,62
MXN00028263,"LA PESCA, MX",1992/1/3,0,68,59
MXN00028263,"LA PESCA, MX",1992/1/4,0.07,69,60
MXN00028263,"LA PESCA, MX",1992/1/5,0,77,62
MXN00028263,"LA PESCA, MX",1992/1/6,0,69,55
MXN00028263,"LA PESCA, MX",1992/1/7,0,77,59
MXN00028263,"LA PESCA, MX",1992/1/8,0,75,68
MXN00028263,"LA PESCA, MX",1992/1/9,0.39,62,59
MXN00028263,"LA PESCA, MX",1992/1/10,0.11,51,48
MXN00028263,"LA PESCA, MX",1992/1/11,0,62,48
MXN00028263,"LA PESCA, MX",1992/1/12,0,73,51
MXN00028263,"LA PESCA, MX",1992/1/13,0,66,55
MXN00028263,"LA PESCA, MX",1992/1/14,0,57,51
MXN00028263,"LA PESCA, MX",1992/1/15,0.49,59,48
MXN00028263,"LA PESCA, MX",1992/1/16,0,48,42
MXN00028263,"LA PESCA, MX",1992/1/17,0,53,41
MXN00028263,"LA PESCA, MX",1992/1/18,0,50,46
MXN00028263,"LA PESCA, MX",1992/1/19,0,50,44
MXN00028263,"LA PESCA, MX",1992/1/20,0,57,42
MXN00028263,"LA PESCA, MX",1992/1/21,0,69,46
MXN00028263,"LA PESCA, MX",1992/1/22,0,75,55
MXN00028263,"LA PESCA, MX",1992/1/23,0,68,55
MXN00028263,"LA PESCA, MX",1992/1/24,0,67,51
MXN00028263,"LA PESCA, MX",1992/1/25,0.29,64,53
MXN00028263,"LA PESCA, MX",1992/1/26,0.23,64,57
MXN00028263,"LA PESCA, MX",1992/1/27,0,66,59
MXN00028263,"LA PESCA, MX",1992/1/28,0.7,62,57
MXN00028263,"LA PESCA, MX",1992/1/29,0,62,55
MXN00028263,"LA PESCA, MX",1992/1/30,0,63,53
MXN00028263,"LA PESCA, MX",1992/1/31,0,,
MXN00028263,"LA PESCA, MX",1992/2/1,0.35,64,55
MXN00028263,"LA PESCA, MX",1992/2/2,0.03,73,57
MXN00028263,"LA PESCA, MX",1992/2/3,0,75,62
MXN00028263,"LA PESCA, MX",1992/2/4,0,73,59
MXN00028263,"LA PESCA, MX",1992/2/5,0,73,50
MXN00028263,"LA PESCA, MX",1992/2/6,0,69,50
MXN00028263,"LA PESCA, MX",1992/2/7,0,68,51
MXN00028263,"LA PESCA, MX",1992/2/8,0.15,62,53
MXN00028263,"LA PESCA, MX",1992/2/9,0,69,53
MXN00028263,"LA PESCA, MX",1992/2/10,0,69,53
MXN00028263,"LA PESCA, MX",1992/2/11,0,75,59
MXN00028263,"LA PESCA, MX",1992/2/12,0,75,62
MXN00028263,"LA PESCA, MX",1992/2/13,0,77,64
MXN00028263,"LA PESCA, MX",1992/2/14,0,75,64
MXN00028263,"LA PESCA, MX",1992/2/15,0,75,62
MXN00028263,"LA PESCA, MX",1992/2/16,0,77,64
MXN00028263,"LA PESCA, MX",1992/2/17,0,78,66
MXN00028263,"LA PESCA, MX",1992/2/18,0,78,68
MXN00028263,"LA PESCA, MX",1992/2/19,0,75,60
MXN00028263,"LA PESCA, MX",1992/2/20,0.03,69,59
MXN00028263,"LA PESCA, MX",1992/2/21,0,66,62
MXN00028263,"LA PESCA, MX",1992/2/22,0,77,60
MXN00028263,"LA PESCA, MX",1992/2/23,0,77,66
MXN00028263,"LA PESCA, MX",1992/2/24,0,77,57
MXN00028263,"LA PESCA, MX",1992/2/25,0,71,50
MXN00028263,"LA PESCA, MX",1992/2/26,0,71,51
MXN00028263,"LA PESCA, MX",1992/2/27,0,71,51
MXN00028263,"LA PESCA, MX",1992/2/28,0,75,51
MXN00028263,"LA PESCA, MX",1992/2/29,0,73,51
MXN00028263,"LA PESCA, MX",1992/3/1,0,75,66
MXN00028263,"LA PESCA, MX",1992/3/2,0,77,66
MXN00028263,"LA PESCA, MX",1992/3/3,0,78,68
MXN00028263,"LA PESCA, MX",1992/3/4,0,78,68
MXN00028263,"LA PESCA, MX",1992/3/5,0,80,69
MXN00028263,"LA PESCA, MX",1992/3/6,0,82,66
MXN00028263,"LA PESCA, MX",1992/3/7,0,80,66
MXN00028263,"LA PESCA, MX",1992/3/8,0,80,69
MXN00028263,"LA PESCA, MX",1992/3/9,0,80,71
MXN00028263,"LA PESCA, MX",1992/3/10,0,78,69
MXN00028263,"LA PESCA, MX",1992/3/11,0,68,53
MXN00028263,"LA PESCA, MX",1992/3/12,0.31,68,53
MXN00028263,"LA PESCA, MX",1992/3/13,0,66,53
MXN00028263,"LA PESCA, MX",1992/3/14,0,73,57
MXN00028263,"LA PESCA, MX",1992/3/15,0,75,59
MXN00028263,"LA PESCA, MX",1992/3/16,0,77,64
MXN00028263,"LA PESCA, MX",1992/3/17,0,78,66
MXN00028263,"LA PESCA, MX",1992/3/18,0,82,66
MXN00028263,"LA PESCA, MX",1992/3/19,0,80,64
MXN00028263,"LA PESCA, MX",1992/3/20,0,78,64
MXN00028263,"LA PESCA, MX",1992/3/21,0,77,71
MXN00028263,"LA PESCA, MX",1992/3/22,0,75,71
MXN00028263,"LA PESCA, MX",1992/3/23,0,68,64
MXN00028263,"LA PESCA, MX",1992/3/24,0,78,59
MXN00028263,"LA PESCA, MX",1992/3/25,0,82,62
MXN00028263,"LA PESCA, MX",1992/3/26,0.05,78,69
MXN00028263,"LA PESCA, MX",1992/3/27,0,78,69
MXN00028263,"LA PESCA, MX",1992/3/28,0,80,73
MXN00028263,"LA PESCA, MX",1992/3/29,0,84,73
MXN00028263,"LA PESCA, MX",1992/3/30,0,78,71
MXN00028263,"LA PESCA, MX",1992/3/31,0,,
MXN00028263,"LA PESCA, MX",1992/4/1,0.23,82,66
MXN00028263,"LA PESCA, MX",1992/4/2,0.35,68,62
MXN00028263,"LA PESCA, MX",1992/4/3,0.31,66,57
MXN00028263,"LA PESCA, MX",1992/4/4,0,68,51
MXN00028263,"LA PESCA, MX",1992/4/5,0.03,77,57
MXN00028263,"LA PESCA, MX",1992/4/6,0,78,66
MXN00028263,"LA PESCA, MX",1992/4/7,0,77,62
MXN00028263,"LA PESCA, MX",1992/4/8,0,78,62
MXN00028263,"LA PESCA, MX",1992/4/9,0,80,69
MXN00028263,"LA PESCA, MX",1992/4/10,0,80,69
MXN00028263,"LA PESCA, MX",1992/4/11,0,84,69
MXN00028263,"LA PESCA, MX",1992/4/12,0,84,69
MXN00028263,"LA PESCA, MX",1992/4/13,0,84,71
MXN00028263,"LA PESCA, MX",1992/4/14,0,82,69
MXN00028263,"LA PESCA, MX",1992/4/15,0,84,69
MXN00028263,"LA PESCA, MX",1992/4/16,0,84,69
MXN00028263,"LA PESCA, MX",1992/4/17,0,84,69
MXN00028263,"LA PESCA, MX",1992/4/18,0,86,68
MXN00028263,"LA PESCA, MX",1992/4/19,0,86,69
MXN00028263,"LA PESCA, MX",1992/4/20,0,82,66
MXN00028263,"LA PESCA, MX",1992/4/21,0,82,59
MXN00028263,"LA PESCA, MX",1992/4/22,0,82,62
MXN00028263,"LA PESCA, MX",1992/4/23,0,84,69
MXN00028263,"LA PESCA, MX",1992/4/24,0,82,75
MXN00028263,"LA PESCA, MX",1992/4/25,2.57,86,71
MXN00028263,"LA PESCA, MX",1992/4/26,0.31,80,66
MXN00028263,"LA PESCA, MX",1992/4/27,0,82,64
MXN00028263,"LA PESCA, MX",1992/4/28,0,78,66
MXN00028263,"LA PESCA, MX",1992/4/29,0,80,66
MXN00028263,"LA PESCA, MX",1992/4/30,0,78,67
MXN00028263,"LA PESCA, MX",1992/5/1,0,80,71
MXN00028263,"LA PESCA, MX",1992/5/2,0,82,68
MXN00028263,"LA PESCA, MX",1992/5/3,0,84,69
MXN00028263,"LA PESCA, MX",1992/5/4,1.57,84,68
MXN00028263,"LA PESCA, MX",1992/5/5,0.07,80,64
MXN00028263,"LA PESCA, MX",1992/5/6,0,80,68
MXN00028263,"LA PESCA, MX",1992/5/7,0,78,66
MXN00028263,"LA PESCA, MX",1992/5/8,0,78,60
MXN00028263,"LA PESCA, MX",1992/5/9,0,80,66
MXN00028263,"LA PESCA, MX",1992/5/10,0,80,69
MXN00028263,"LA PESCA, MX",1992/5/11,0,84,75
MXN00028263,"LA PESCA, MX",1992/5/12,0,84,73
MXN00028263,"LA PESCA, MX",1992/5/13,0,84,73
MXN00028263,"LA PESCA, MX",1992/5/14,0,84,73
MXN00028263,"LA PESCA, MX",1992/5/15,0.37,84,73
MXN00028263,"LA PESCA, MX",1992/5/16,0.15,84,68
MXN00028263,"LA PESCA, MX",1992/5/17,1.65,86,68
MXN00028263,"LA PESCA, MX",1992/5/18,0,86,66
MXN00028263,"LA PESCA, MX",1992/5/19,0,84,66
MXN00028263,"LA PESCA, MX",1992/5/20,0,84,69
MXN00028263,"LA PESCA, MX",1992/5/21,0,86,69
MXN00028263,"LA PESCA, MX",1992/5/22,0.11,86,71
MXN00028263,"LA PESCA, MX",1992/5/23,0,84,73
MXN00028263,"LA PESCA, MX",1992/5/24,0,84,73
MXN00028263,"LA PESCA, MX",1992/5/25,0,84,71
MXN00028263,"LA PESCA, MX",1992/5/26,0,86,75
MXN00028263,"LA PESCA, MX",1992/5/27,0,84,75
MXN00028263,"LA PESCA, MX",1992/5/28,0,87,73
MXN00028263,"LA PESCA, MX",1992/5/29,0.31,86,73
MXN00028263,"LA PESCA, MX",1992/5/30,0,86,68
MXN00028263,"LA PESCA, MX",1992/5/31,0,,
MXN00028263,"LA PESCA, MX",1992/6/1,0.9,86,73
MXN00028263,"LA PESCA, MX",1992/6/2,0.03,86,73
MXN00028263,"LA PESCA, MX",1992/6/3,0,86,71
MXN00028263,"LA PESCA, MX",1992/6/4,0,86,75
MXN00028263,"LA PESCA, MX",1992/6/5,0,87,78
MXN00028263,"LA PESCA, MX",1992/6/6,0,87,78
MXN00028263,"LA PESCA, MX",1992/6/7,0,89,78
MXN00028263,"LA PESCA, MX",1992/6/8,0.07,89,78
MXN00028263,"LA PESCA, MX",1992/6/9,0.43,89,77
MXN00028263,"LA PESCA, MX",1992/6/10,0,89,71
MXN00028263,"LA PESCA, MX",1992/6/11,0,89,75
MXN00028263,"LA PESCA, MX",1992/6/12,0,87,75
MXN00028263,"LA PESCA, MX",1992/6/13,0,87,77
MXN00028263,"LA PESCA, MX",1992/6/14,0,87,77
MXN00028263,"LA PESCA, MX",1992/6/15,0,89,77
MXN00028263,"LA PESCA, MX",1992/6/16,0,89,77
MXN00028263,"LA PESCA, MX",1992/6/17,0.66,89,77
MXN00028263,"LA PESCA, MX",1992/6/18,0,89,77
MXN00028263,"LA PESCA, MX",1992/6/19,0,87,78
MXN00028263,"LA PESCA, MX",1992/6/20,0,93,73
MXN00028263,"LA PESCA, MX",1992/6/21,0,89,73
MXN00028263,"LA PESCA, MX",1992/6/22,0,87,75
MXN00028263,"LA PESCA, MX",1992/6/23,0,89,75
MXN00028263,"LA PESCA, MX",1992/6/24,0,89,77
MXN00028263,"LA PESCA, MX",1992/6/25,0,87,77
MXN00028263,"LA PESCA, MX",1992/6/26,0,89,75
MXN00028263,"LA PESCA, MX",1992/6/27,0,89,75
MXN00028263,"LA PESCA, MX",1992/6/28,0,89,77
MXN00028263,"LA PESCA, MX",1992/6/29,0,89,77
MXN00028263,"LA PESCA, MX",1992/6/30,0,87,77
MXN00028263,"LA PESCA, MX",1992/7/1,0,91,78
MXN00028263,"LA PESCA, MX",1992/7/2,0.62,91,78
MXN00028263,"LA PESCA, MX",1992/7/3,2.2,86,78
MXN00028263,"LA PESCA, MX",1992/7/4,0,86,71
MXN00028263,"LA PESCA, MX",1992/7/5,0,89,75
MXN00028263,"LA PESCA, MX",1992/7/6,0,89,73
MXN00028263,"LA PESCA, MX",1992/7/7,0,89,73
MXN00028263,"LA PESCA, MX",1992/7/8,0.03,89,73
MXN00028263,"LA PESCA, MX",1992/7/9,0,89,73
MXN00028263,"LA PESCA, MX",1992/7/10,0.09,87,75
MXN00028263,"LA PESCA, MX",1992/7/11,0.07,87,73
MXN00028263,"LA PESCA, MX",1992/7/12,0.05,86,73
MXN00028263,"LA PESCA, MX",1992/7/13,0.05,86,73
MXN00028263,"LA PESCA, MX",1992/7/14,0.23,86,73
MXN00028263,"LA PESCA, MX",1992/7/15,0,89,73
MXN00028263,"LA PESCA, MX",1992/7/16,0,87,75
MXN00028263,"LA PESCA, MX",1992/7/17,0.09,87,75
MXN00028263,"LA PESCA, MX",1992/7/18,1.25,82,75
MXN00028263,"LA PESCA, MX",1992/7/19,0.15,82,71
MXN00028263,"LA PESCA, MX",1992/7/20,0.11,84,73
MXN00028263,"LA PESCA, MX",1992/7/21,0,87,73
MXN00028263,"LA PESCA, MX",1992/7/22,0,87,73
MXN00028263,"LA PESCA, MX",1992/7/23,0,87,73
MXN00028263,"LA PESCA, MX",1992/7/24,0,87,75
MXN00028263,"LA PESCA, MX",1992/7/25,0,87,75
MXN00028263,"LA PESCA, MX",1992/7/26,0,87,75
MXN00028263,"LA PESCA, MX",1992/7/27,0,86,73
MXN00028263,"LA PESCA, MX",1992/7/28,0,87,73
MXN00028263,"LA PESCA, MX",1992/7/29,0,87,75
MXN00028263,"LA PESCA, MX",1992/7/30,0,87,75
MXN00028113,"TENACITAS, MX",1988/9/28,0,89,68
MXN00028113,"TENACITAS, MX",1988/9/29,0,90,70
MXN00028113,"TENACITAS, MX",1988/9/30,0,88,69
MXN00028113,"TENACITAS, MX",1988/10/1,0,89,69
MXN00028113,"TENACITAS, MX",1988/10/2,0,88,70
MXN00028113,"TENACITAS, MX",1988/10/3,0,89,69
MXN00028113,"TENACITAS, MX",1988/10/4,0,84,59
MXN00028113,"TENACITAS, MX",1988/10/5,0,82,59
MXN00028113,"TENACITAS, MX",1988/10/6,0,82,61
MXN00028113,"TENACITAS, MX",1988/10/7,0,83,52
MXN00028113,"TENACITAS, MX",1988/10/8,0,84,62
MXN00028113,"TENACITAS, MX",1988/10/9,0,86,65
MXN00028113,"TENACITAS, MX",1988/10/10,0.23,80,65
MXN00028113,"TENACITAS, MX",1988/10/11,0,86,65
MXN00028113,"TENACITAS, MX",1988/10/12,0,82,65
MXN00028113,"TENACITAS, MX",1988/10/13,0,81,59
MXN00028113,"TENACITAS, MX",1988/10/14,0,86,60
MXN00028113,"TENACITAS, MX",1988/10/15,0,85,60
MXN00028113,"TENACITAS, MX",1988/10/16,0.86,86,64
MXN00028113,"TENACITAS, MX",1988/10/17,0,85,67
MXN00028113,"TENACITAS, MX",1988/10/18,0,86,66
MXN00028113,"TENACITAS, MX",1988/10/19,0.55,85,59
MXN00028113,"TENACITAS, MX",1988/10/20,0.07,84,60
MXN00028113,"TENACITAS, MX",1988/10/21,0,86,59
MXN00028113,"TENACITAS, MX",1988/10/22,0,85,64
MXN00028113,"TENACITAS, MX",1988/10/23,0,86,64
MXN00028113,"TENACITAS, MX",1988/10/24,0,85,66
MXN00028113,"TENACITAS, MX",1988/10/25,0,86,65
MXN00028113,"TENACITAS, MX",1988/10/26,0,86,64
MXN00028113,"TENACITAS, MX",1988/10/27,0,86,67
MXN00028113,"TENACITAS, MX",1988/10/28,0,85,64
MXN00028113,"TENACITAS, MX",1988/10/29,0.31,73,65
MXN00028113,"TENACITAS, MX",1988/10/30,0,83,66
MXN00028113,"TENACITAS, MX",1988/10/31,1.81,85,64
MXN00028113,"TENACITAS, MX",1988/11/1,0,84,64
MXN00028113,"TENACITAS, MX",1988/11/2,0,79,55
MXN00028113,"TENACITAS, MX",1988/11/3,0,80,60
MXN00028113,"TENACITAS, MX",1988/11/4,0,79,64
MXN00028113,"TENACITAS, MX",1988/11/5,0,83,65
MXN00028113,"TENACITAS, MX",1988/11/6,0,84,62
MXN00028113,"TENACITAS, MX",1988/11/7,0,86,60
MXN00028113,"TENACITAS, MX",1988/11/8,0,86,71
MXN00028113,"TENACITAS, MX",1988/11/9,0,86,68
MXN00028113,"TENACITAS, MX",1988/11/10,0,86,71
MXN00028113,"TENACITAS, MX",1988/11/11,0,85,67
MXN00028113,"TENACITAS, MX",1988/11/12,0,86,66
MXN00028113,"TENACITAS, MX",1988/11/13,0,86,67
MXN00028113,"TENACITAS, MX",1988/11/14,0,86,67
MXN00028113,"TENACITAS, MX",1988/11/15,0,85,65
MXN00028113,"TENACITAS, MX",1988/11/16,0,73,64
MXN00028113,"TENACITAS, MX",1988/11/17,0,73,60
MXN00028113,"TENACITAS, MX",1988/11/18,0,85,62
MXN00028113,"TENACITAS, MX",1988/11/19,0,86,66
MXN00028113,"TENACITAS, MX",1988/11/20,0,69,60
MXN00028113,"TENACITAS, MX",1988/11/21,0,69,49
MXN00028113,"TENACITAS, MX",1988/11/22,0,67,53
MXN00028113,"TENACITAS, MX",1988/11/23,0,73,53
MXN00028113,"TENACITAS, MX",1988/11/24,0,84,59
MXN00028113,"TENACITAS, MX",1988/11/25,0,84,68
MXN00028113,"TENACITAS, MX",1988/11/26,0,83,68
MXN00028113,"TENACITAS, MX",1988/11/27,0,85,69
MXN00028113,"TENACITAS, MX",1988/11/28,0,84,68
MXN00028113,"TENACITAS, MX",1988/11/29,0,79,65
MXN00028113,"TENACITAS, MX",1988/11/30,0,83,56
MXN00028113,"TENACITAS, MX",1988/12/1,0,71,55
MXN00028113,"TENACITAS, MX",1988/12/2,0,70,57
MXN00028113,"TENACITAS, MX",1988/12/3,0,71,53
MXN00028113,"TENACITAS, MX",1988/12/4,0,73,54
MXN00028113,"TENACITAS, MX",1988/12/5,0,75,54
MXN00028113,"TENACITAS, MX",1988/12/6,0,84,57
MXN00028113,"TENACITAS, MX",1988/12/7,0,78,59
MXN00028113,"TENACITAS, MX",1988/12/8,0,77,64
MXN00028113,"TENACITAS, MX",1988/12/9,0,56,50
MXN00028113,"TENACITAS, MX",1988/12/10,0,65,48
MXN00028113,"TENACITAS, MX",1988/12/11,0,62,45
MXN00028113,"TENACITAS, MX",1988/12/12,0,63,46
MXN00028113,"TENACITAS, MX",1988/12/13,0,67,49
MXN00028113,"TENACITAS, MX",1988/12/14,0,79,50
MXN00028113,"TENACITAS, MX",1988/12/15,0,77,60
MXN00028113,"TENACITAS, MX",1988/12/16,0,66,53
MXN00028113,"TENACITAS, MX",1988/12/17,0,59,51
MXN00028113,"TENACITAS, MX",1988/12/18,0,58,44
MXN00028113,"TENACITAS, MX",1988/12/19,0,77,45
MXN00028113,"TENACITAS, MX",1988/12/20,0,81,53
MXN00028113,"TENACITAS, MX",1988/12/21,0,80,62
MXN00028113,"TENACITAS, MX",1988/12/22,0,82,62
MXN00028113,"TENACITAS, MX",1988/12/23,0,73,59
MXN00028113,"TENACITAS, MX",1988/12/24,0,76,60
MXN00028113,"TENACITAS, MX",1988/12/25,0,77,61
MXN00028113,"TENACITAS, MX",1988/12/26,0,80,63
MXN00028113,"TENACITAS, MX",1988/12/27,0,80,66
MXN00028113,"TENACITAS, MX",1988/12/28,0,66,59
MXN00028113,"TENACITAS, MX",1988/12/29,0,75,46
MXN00028113,"TENACITAS, MX",1988/12/30,0,82,51
MXN00028113,"TENACITAS, MX",1988/12/31,0.05,74,59
MXN00028113,"TENACITAS, MX",1989/7/1,0,92,73
MXN00028113,"TENACITAS, MX",1989/7/2,0,94,75
MXN00028113,"TENACITAS, MX",1989/7/3,0,91,73
MXN00028113,"TENACITAS, MX",1989/7/4,0,93,77
MXN00028113,"TENACITAS, MX",1989/7/5,0.39,93,73
MXN00028113,"TENACITAS, MX",1989/7/6,0,92,71
MXN00028113,"TENACITAS, MX",1989/7/7,0,93,71
MXN00028113,"TENACITAS, MX",1989/7/8,0.03,93,73
MXN00028113,"TENACITAS, MX",1989/7/9,0,91,72
MXN00028113,"TENACITAS, MX",1989/7/10,0,93,71
MXN00028113,"TENACITAS, MX",1989/7/11,0.19,93,71
MXN00028113,"TENACITAS, MX",1989/7/12,0.62,88,69
MXN00028113,"TENACITAS, MX",1989/7/13,0,91,68
MXN00028113,"TENACITAS, MX",1989/7/14,0,90,70
MXN00028113,"TENACITAS, MX",1989/7/15,0,91,72
MXN00028113,"TENACITAS, MX",1989/7/16,0,91,75
MXN00028113,"TENACITAS, MX",1989/7/17,0,93,75
MXN00028113,"TENACITAS, MX",1989/7/18,0,93,74
MXN00028113,"TENACITAS, MX",1989/7/19,0,93,73
MXN00028113,"TENACITAS, MX",1989/7/20,0,94,73
MXN00028113,"TENACITAS, MX",1989/7/21,0,95,73
MXN00028113,"TENACITAS, MX",1989/7/22,0,95,73
MXN00028113,"TENACITAS, MX",1989/7/23,0.03,95,70
MXN00028113,"TENACITAS, MX",1989/7/24,0.05,93,74
MXN00028113,"TENACITAS, MX",1989/7/25,0.03,82,69
MXN00028113,"TENACITAS, MX",1989/7/26,0.03,86,69
MXN00028113,"TENACITAS, MX",1989/7/27,0,86,72
MXN00028113,"TENACITAS, MX",1989/7/28,0,89,71
MXN00028113,"TENACITAS, MX",1989/7/29,0,89,70
MXN00028113,"TENACITAS, MX",1989/7/30,0,89,71
MXN00028113,"TENACITAS, MX",1989/7/31,0,93,73
MXN00028113,"TENACITAS, MX",1989/8/1,0,94,71
MXN00028113,"TENACITAS, MX",1989/8/2,0,93,73
MXN00028113,"TENACITAS, MX",1989/8/3,0,92,74
MXN00028113,"TENACITAS, MX",1989/8/4,0,91,73
MXN00028113,"TENACITAS, MX",1989/8/5,0,93,71
MXN00028113,"TENACITAS, MX",1989/8/6,0,94,71
MXN00028113,"TENACITAS, MX",1989/8/7,0,94,72
MXN00028113,"TENACITAS, MX",1989/8/8,0.11,95,74
MXN00028113,"TENACITAS, MX",1989/8/9,0,95,71
MXN00028113,"TENACITAS, MX",1989/8/10,0,91,73
MXN00028113,"TENACITAS, MX",1989/8/11,0,93,70
MXN00028113,"TENACITAS, MX",1989/8/12,0,95,72
MXN00028113,"TENACITAS, MX",1989/8/13,0,93,72
MXN00028113,"TENACITAS, MX",1989/8/14,0,91,73
MXN00028113,"TENACITAS, MX",1989/8/15,0,93,71
MXN00028113,"TENACITAS, MX",1989/8/16,0.11,94,71
MXN00028113,"TENACITAS, MX",1989/8/17,0.7,93,73
MXN00028113,"TENACITAS, MX",1989/8/18,0.43,93,72
MXN00028113,"TENACITAS, MX",1989/8/19,0.03,89,71
MXN00028113,"TENACITAS, MX",1989/8/20,0.47,91,71
MXN00028113,"TENACITAS, MX",1989/8/21,0,89,73
MXN00028113,"TENACITAS, MX",1989/8/22,0,90,72
MXN00028113,"TENACITAS, MX",1989/8/23,0,93,72
MXN00028113,"TENACITAS, MX",1989/8/24,0.9,91,71
MXN00028113,"TENACITAS, MX",1989/8/25,0.66,89,71
MXN00028113,"TENACITAS, MX",1989/8/26,0,89,71
MXN00028113,"TENACITAS, MX",1989/8/27,0.35,89,72
MXN00028113,"TENACITAS, MX",1989/8/28,0.21,75,71
MXN00028113,"TENACITAS, MX",1989/8/29,0,87,71
MXN00028113,"TENACITAS, MX",1989/8/30,0.07,87,73
MXN00028113,"TENACITAS, MX",1989/8/31,0,89,72
MXN00028113,"TENACITAS, MX",1989/9/1,0,91,73
MXN00028113,"TENACITAS, MX",1989/9/2,0,92,73
MXN00028113,"TENACITAS, MX",1989/9/3,0,92,73
MXN00028113,"TENACITAS, MX",1989/9/4,0,90,71
MXN00028113,"TENACITAS, MX",1989/9/5,2.26,86,71
MXN00028113,"TENACITAS, MX",1989/9/6,1.22,84,71
MXN00028113,"TENACITAS, MX",1989/9/7,0.15,87,72
MXN00028113,"TENACITAS, MX",1989/9/8,0,89,72
MXN00028113,"TENACITAS, MX",1989/9/9,0,89,73
MXN00028113,"TENACITAS, MX",1989/9/10,0,90,73
MXN00028113,"TENACITAS, MX",1989/9/11,0,93,73
MXN00028113,"TENACITAS, MX",1989/9/12,0,91,72
MXN00028113,"TENACITAS, MX",1989/9/13,0,89,71
MXN00028113,"TENACITAS, MX",1989/9/14,0,90,71
MXN00028113,"TENACITAS, MX",1989/9/15,0,86,70
MXN00028113,"TENACITAS, MX",1989/9/16,1.69,83,70
MXN00028113,"TENACITAS, MX",1989/9/17,0.35,80,68
MXN00028113,"TENACITAS, MX",1989/9/18,0.21,86,71
MXN00028113,"TENACITAS, MX",1989/9/19,0.37,86,75
MXN00028113,"TENACITAS, MX",1989/9/20,0.05,80,72
MXN00028113,"TENACITAS, MX",1989/9/21,0.03,87,69
MXN00028113,"TENACITAS, MX",1989/9/22,0.27,82,69
MXN00028113,"TENACITAS, MX",1989/9/23,0,82,75
MXN00028113,"TENACITAS, MX",1989/9/24,0,78,60
MXN00028113,"TENACITAS, MX",1989/9/25,0,77,55
MXN00028113,"TENACITAS, MX",1989/9/26,0,81,59
MXN00028113,"TENACITAS, MX",1989/9/27,0,82,60
MXN00028113,"TENACITAS, MX",1989/9/28,0,77,62
MXN00028113,"TENACITAS, MX",1989/9/29,0,81,64
MXN00028113,"TENACITAS, MX",1989/9/30,0,80,60
MXN00028113,"TENACITAS, MX",1989/10/1,0,89,61
MXN00028113,"TENACITAS, MX",1989/10/2,0,86,62
MXN00028113,"TENACITAS, MX",1989/10/3,0,86,64
MXN00028113,"TENACITAS, MX",1989/10/4,0,87,66
MXN00028113,"TENACITAS, MX",1989/10/5,0,89,69
MXN00028113,"TENACITAS, MX",1989/10/6,0,86,71
MXN00028113,"TENACITAS, MX",1989/10/7,0,84,71
MXN00028113,"TENACITAS, MX",1989/10/8,0,89,68
MXN00028113,"TENACITAS, MX",1989/10/9,0,88,62
MXN00028113,"TENACITAS, MX",1989/10/10,0,86,66
MXN00028113,"TENACITAS, MX",1989/10/11,0,78,59
MXN00028113,"TENACITAS, MX",1989/10/12,0,84,57
MXN00028113,"TENACITAS, MX",1989/10/13,0,83,59
MXN00028113,"TENACITAS, MX",1989/10/14,0,86,64
MXN00028113,"TENACITAS, MX",1989/10/15,0,87,68
MXN00028113,"TENACITAS, MX",1989/10/16,0,87,68
MXN00028113,"TENACITAS, MX",1989/10/17,3.14,86,69
MXN00028113,"TENACITAS, MX",1989/10/18,0,72,58
MXN00028113,"TENACITAS, MX",1989/10/19,0,66,55
MXN00028113,"TENACITAS, MX",1989/10/20,0,73,43
MXN00028113,"TENACITAS, MX",1989/10/21,0,78,46
MXN00028113,"TENACITAS, MX",1989/10/22,0,86,55
MXN00028113,"TENACITAS, MX",1989/10/23,0,84,60
MXN00028113,"TENACITAS, MX",1989/10/24,1.29,86,64
MXN00028113,"TENACITAS, MX",1989/10/25,0.07,80,67
MXN00028113,"TENACITAS, MX",1989/10/26,0,82,65
MXN00028113,"TENACITAS, MX",1989/10/27,0,84,66
MXN00028113,"TENACITAS, MX",1989/10/28,0.29,82,66
MXN00028113,"TENACITAS, MX",1989/10/29,0,84,68
MXN00028113,"TENACITAS, MX",1989/10/30,1.81,84,67
MXN00028113,"TENACITAS, MX",1989/10/31,0,67,60
MXN00028113,"TENACITAS, MX",1989/11/1,0,82,58
MXN00028113,"TENACITAS, MX",1989/11/2,0,78,50
MXN00028113,"TENACITAS, MX",1989/11/3,0,70,57
MXN00028113,"TENACITAS, MX",1989/11/4,0,82,57
MXN00028113,"TENACITAS, MX",1989/11/5,0.11,84,64
MXN00028113,"TENACITAS, MX",1989/11/6,0,85,66
MXN00028113,"TENACITAS, MX",1989/11/7,0,83,69
MXN00028113,"TENACITAS, MX",1989/11/8,0,86,73
MXN00028113,"TENACITAS, MX",1989/11/9,0,85,70
MXN00028113,"TENACITAS, MX",1989/11/10,9.76,82,70
MXN00028113,"TENACITAS, MX",1989/11/11,0.15,76,67
MXN00028113,"TENACITAS, MX",1989/11/12,0,82,62
MXN00028113,"TENACITAS, MX",1989/11/13,0,85,64
MXN00028113,"TENACITAS, MX",1989/11/14,0,82,68
MXN00028113,"TENACITAS, MX",1989/11/15,0,84,69
MXN00028113,"TENACITAS, MX",1989/11/16,0,71,54
MXN00028113,"TENACITAS, MX",1989/11/17,0,73,53
MXN00028113,"TENACITAS, MX",1989/11/18,0,76,57
MXN00028113,"TENACITAS, MX",1989/11/19,0,75,60
MXN00028113,"TENACITAS, MX",1989/11/20,0,84,68
MXN00028113,"TENACITAS, MX",1989/11/21,0,84,59
MXN00028113,"TENACITAS, MX",1989/11/22,0,86,68
MXN00028113,"TENACITAS, MX",1989/11/23,0,71,57
MXN00028113,"TENACITAS, MX",1989/11/24,0,68,49
MXN00028113,"TENACITAS, MX",1989/11/25,0,78,50
MXN00028113,"TENACITAS, MX",1989/11/26,0,78,65
MXN00028113,"TENACITAS, MX",1989/11/27,0,81,66
MXN00028113,"TENACITAS, MX",1989/11/28,0,85,68
MXN00028113,"TENACITAS, MX",1989/11/29,0,84,50
MXN00028113,"TENACITAS, MX",1989/11/30,0,53,44
MXN00028113,"TENACITAS, MX",1989/12/1,0,53,44
MXN00028113,"TENACITAS, MX",1989/12/2,1.49,51,47
MXN00028113,"TENACITAS, MX",1989/12/3,0.15,50,48
MXN00028113,"TENACITAS, MX",1989/12/4,0,60,46
MXN00028113,"TENACITAS, MX",1989/12/5,0,74,47
MXN00028113,"TENACITAS, MX",1989/12/6,0,77,59
MXN00028113,"TENACITAS, MX",1989/12/7,0.09,80,59
MXN00028113,"TENACITAS, MX",1989/12/8,0,66,52
MXN00028113,"TENACITAS, MX",1989/12/9,0,65,39
MXN00028113,"TENACITAS, MX",1989/12/10,0,74,37
MXN00028113,"TENACITAS, MX",1989/12/11,0,76,48
MXN00028113,"TENACITAS, MX",1989/12/12,0,64,42
MXN00028113,"TENACITAS, MX",1989/12/13,0,64,42
MXN00028113,"TENACITAS, MX",1989/12/14,0,68,48
MXN00028113,"TENACITAS, MX",1989/12/15,0,77,49
MXN00028113,"TENACITAS, MX",1989/12/16,0,64,44
MXN00028113,"TENACITAS, MX",1989/12/17,0,62,43
MXN00028113,"TENACITAS, MX",1989/12/18,0,59,41
MXN00028113,"TENACITAS, MX",1989/12/19,0,57,44
MXN00028113,"TENACITAS, MX",1989/12/20,0,52,46
MXN00028113,"TENACITAS, MX",1989/12/21,0.21,51,48
MXN00028113,"TENACITAS, MX",1989/12/22,0.07,53,35
MXN00028113,"TENACITAS, MX",1989/12/23,0,39,23
MXN00028113,"TENACITAS, MX",1989/12/24,0,39,19
MXN00028113,"TENACITAS, MX",1989/12/25,0,65,21
MXN00028113,"TENACITAS, MX",1989/12/26,0,68,28
MXN00028113,"TENACITAS, MX",1989/12/27,0,73,38
MXN00028113,"TENACITAS, MX",1989/12/28,0,76,51
MXN00028113,"TENACITAS, MX",1989/12/29,0,78,52
MXN00028113,"TENACITAS, MX",1989/12/30,0,76,53
MXN00028113,"TENACITAS, MX",1989/12/31,0,78,54
MXN00028113,"TENACITAS, MX",1990/1/1,0,61,52
MXN00028113,"TENACITAS, MX",1990/1/2,0.03,64,51
MXN00028113,"TENACITAS, MX",1990/1/3,0,77,51
MXN00028113,"TENACITAS, MX",1990/1/4,0,76,60
MXN00028113,"TENACITAS, MX",1990/1/5,0,75,59
MXN00028113,"TENACITAS, MX",1990/1/6,0,69,55
MXN00028113,"TENACITAS, MX",1990/1/7,0,68,49
MXN00028113,"TENACITAS, MX",1990/1/8,0,71,42
MXN00028113,"TENACITAS, MX",1990/1/9,0,79,43
MXN00028113,"TENACITAS, MX",1990/1/10,0,75,53
MXN00028113,"TENACITAS, MX",1990/1/11,0,80,50
MXN00028113,"TENACITAS, MX",1990/1/12,0.03,80,60
MXN00028113,"TENACITAS, MX",1990/1/13,0,62,52
MXN00028113,"TENACITAS, MX",1990/1/14,0,78,51
MXN00028113,"TENACITAS, MX",1990/1/15,0,80,52
MXN00028113,"TENACITAS, MX",1990/1/16,0,80,52
MXN00028113,"TENACITAS, MX",1990/1/17,0,82,60
MXN00028113,"TENACITAS, MX",1990/1/18,0,80,67
MXN00028113,"TENACITAS, MX",1990/1/19,0,82,66
MXN00028113,"TENACITAS, MX",1990/1/20,0,73,62
MXN00028113,"TENACITAS, MX",1990/1/21,0,69,59
MXN00028113,"TENACITAS, MX",1990/1/22,0,73,56
MXN00028113,"TENACITAS, MX",1990/1/23,0,75,56
MXN00028113,"TENACITAS, MX",1990/1/24,0,82,57
MXN00028113,"TENACITAS, MX",1990/1/25,0,66,53
MXN00028113,"TENACITAS, MX",1990/1/26,0,71,37
MXN00028113,"TENACITAS, MX",1990/1/27,0,78,39
MXN00028113,"TENACITAS, MX",1990/1/28,0.03,81,57
MXN00028113,"TENACITAS, MX",1990/1/29,0,75,55
MXN00028113,"TENACITAS, MX",1990/1/30,0,73,50
MXN00028113,"TENACITAS, MX",1990/1/31,0,80,59
MXN00028113,"TENACITAS, MX",1990/2/1,0,79,62
MXN00028113,"TENACITAS, MX",1990/2/2,0,80,63
MXN00028113,"TENACITAS, MX",1990/2/3,0,80,66
MXN00028113,"TENACITAS, MX",1990/2/4,0,79,63
MXN00028113,"TENACITAS, MX",1990/2/5,0,78,64
MXN00028113,"TENACITAS, MX",1990/2/6,0,77,59
MXN00028113,"TENACITAS, MX",1990/2/7,0,78,49
MXN00028113,"TENACITAS, MX",1990/2/8,0,82,59
MXN00028113,"TENACITAS, MX",1990/2/9,0,80,65
MXN00028113,"TENACITAS, MX",1990/2/10,0,78,60
MXN00028113,"TENACITAS, MX",1990/2/11,0,82,59
MXN00028113,"TENACITAS, MX",1990/2/12,0,77,60
MXN00028113,"TENACITAS, MX",1990/2/13,0,77,52
MXN00028113,"TENACITAS, MX",1990/2/14,0,79,62
MXN00028113,"TENACITAS, MX",1990/2/15,0,80,61
MXN00028113,"TENACITAS, MX",1990/2/16,0,68,57
MXN00028113,"TENACITAS, MX",1990/2/17,0.13,64,55
MXN00028113,"TENACITAS, MX",1990/2/18,0,73,55
MXN00028113,"TENACITAS, MX",1990/2/19,0,71,57
MXN00028113,"TENACITAS, MX",1990/2/20,0,77,59
MXN00028113,"TENACITAS, MX",1990/2/21,0,73,58
MXN00028113,"TENACITAS, MX",1990/2/22,0,75,51
MXN00028113,"TENACITAS, MX",1990/2/23,0,71,53
MXN00028113,"TENACITAS, MX",1990/2/24,0,73,46
MXN00028113,"TENACITAS, MX",1990/2/25,0,78,53
MXN00028113,"TENACITAS, MX",1990/2/26,0,77,48
MXN00028113,"TENACITAS, MX",1990/2/27,0,77,57
MXN00028113,"TENACITAS, MX",1990/2/28,0,77,58
MXN00028113,"TENACITAS, MX",1990/3/1,0,59,34
MXN00028113,"TENACITAS, MX",1990/3/2,0,66,48
MXN00028113,"TENACITAS, MX",1990/3/3,0,68,45
MXN00028113,"TENACITAS, MX",1990/3/4,0,71,46
MXN00028113,"TENACITAS, MX",1990/3/5,0,78,50
MXN00028113,"TENACITAS, MX",1990/3/6,0,79,53
MXN00028113,"TENACITAS, MX",1990/3/7,0,78,57
MXN00028113,"TENACITAS, MX",1990/3/8,0,79,53
MXN00028113,"TENACITAS, MX",1990/3/9,0,80,68
MXN00028113,"TENACITAS, MX",1990/3/10,0,80,71
MXN00028113,"TENACITAS, MX",1990/3/11,0,84,73
MXN00028113,"TENACITAS, MX",1990/3/12,0,84,71
MXN00028113,"TENACITAS, MX",1990/3/13,0,84,68
MXN00028113,"TENACITAS, MX",1990/3/14,0,82,71
MXN00028113,"TENACITAS, MX",1990/3/15,0,75,62
MXN00028113,"TENACITAS, MX",1990/3/16,0,77,59
MXN00028113,"TENACITAS, MX",1990/3/17,0,77,59
MXN00028113,"TENACITAS, MX",1990/3/18,0,77,57
MXN00028113,"TENACITAS, MX",1990/3/19,0,79,53
MXN00028113,"TENACITAS, MX",1990/3/20,0,77,59
MXN00028113,"TENACITAS, MX",1990/3/21,0,77,60
MXN00028113,"TENACITAS, MX",1990/3/22,0,78,57
MXN00028113,"TENACITAS, MX",1990/3/23,0,81,55
MXN00028113,"TENACITAS, MX",1990/3/24,0,82,57
MXN00028113,"TENACITAS, MX",1990/3/25,0,82,59
MXN00028113,"TENACITAS, MX",1990/3/26,0,77,61
MXN00028113,"TENACITAS, MX",1990/3/27,0,73,59
MXN00028113,"TENACITAS, MX",1990/3/28,0,76,60
MXN00028113,"TENACITAS, MX",1990/3/29,0,82,62
MXN00028113,"TENACITAS, MX",1990/3/30,0,86,66
MXN00028113,"TENACITAS, MX",1990/3/31,0,82,71
MXN00028113,"TENACITAS, MX",1990/4/1,0,86,69
MXN00028113,"TENACITAS, MX",1990/4/2,0.07,84,68
MXN00028113,"TENACITAS, MX",1990/4/3,0,78,68
MXN00028113,"TENACITAS, MX",1990/4/4,0,75,68
MXN00028113,"TENACITAS, MX",1990/4/5,0,73,69
MXN00028113,"TENACITAS, MX",1990/4/6,0,75,69
MXN00028113,"TENACITAS, MX",1990/4/7,0,86,57
MXN00028113,"TENACITAS, MX",1990/4/8,0.03,89,58
MXN00028113,"TENACITAS, MX",1990/4/9,0,84,59
MXN00028113,"TENACITAS, MX",1990/4/10,0.13,86,69
MXN00028113,"TENACITAS, MX",1990/4/11,0,76,66
MXN00028113,"TENACITAS, MX",1990/4/12,0.25,74,59
MXN00028113,"TENACITAS, MX",1990/4/13,0,80,65
MXN00028113,"TENACITAS, MX",1990/4/14,0,84,66
MXN00028113,"TENACITAS, MX",1990/4/15,0,86,69
MXN00028113,"TENACITAS, MX",1990/4/16,0,84,69
MXN00028113,"TENACITAS, MX",1990/4/17,0,86,71
MXN00028113,"TENACITAS, MX",1990/4/18,0,86,71
MXN00028113,"TENACITAS, MX",1990/4/19,0,86,72
MXN00028113,"TENACITAS, MX",1990/4/20,0,86,71
MXN00028113,"TENACITAS, MX",1990/4/21,0,86,71
MXN00028113,"TENACITAS, MX",1990/4/22,0,86,71
MXN00028113,"TENACITAS, MX",1990/4/23,0,86,71
MXN00028113,"TENACITAS, MX",1990/4/24,0,86,73
MXN00028113,"TENACITAS, MX",1990/4/25,0,86,74
MXN00028113,"TENACITAS, MX",1990/4/26,0,87,71
MXN00028113,"TENACITAS, MX",1990/4/27,0,89,68
MXN00028113,"TENACITAS, MX",1990/4/28,0,87,62
MXN00028113,"TENACITAS, MX",1990/4/29,0,86,68
MXN00028113,"TENACITAS, MX",1990/4/30,0,89,72
MXN00028113,"TENACITAS, MX",1990/6/1,0,94,78
MXN00028113,"TENACITAS, MX",1990/6/2,0,95,78
MXN00028113,"TENACITAS, MX",1990/6/3,0,94,77
MXN00028113,"TENACITAS, MX",1990/6/4,0,93,70
MXN00028113,"TENACITAS, MX",1990/6/5,0,95,73
MXN00028113,"TENACITAS, MX",1990/6/6,0,93,73
MXN00028113,"TENACITAS, MX",1990/6/7,0.13,94,74
MXN00028113,"TENACITAS, MX",1990/6/8,0,93,74
MXN00028113,"TENACITAS, MX",1990/6/9,0,93,75
MXN00028113,"TENACITAS, MX",1990/6/10,0.19,95,71
MXN00028113,"TENACITAS, MX",1990/6/11,0,86,71
MXN00028113,"TENACITAS, MX",1990/6/12,0,94,73
MXN00028113,"TENACITAS, MX",1990/6/13,0.13,91,73
MXN00028113,"TENACITAS, MX",1990/6/14,0,93,77
MXN00028113,"TENACITAS, MX",1990/6/15,0,95,77
MXN00028113,"TENACITAS, MX",1990/6/16,0,93,77
MXN00028113,"TENACITAS, MX",1990/6/17,0,95,73
MXN00028113,"TENACITAS, MX",1990/6/18,0,95,77
MXN00028113,"TENACITAS, MX",1990/6/19,0,93,75
MXN00028113,"TENACITAS, MX",1990/6/20,0,94,75
MXN00028113,"TENACITAS, MX",1990/6/21,0,94,77
MXN00028113,"TENACITAS, MX",1990/6/22,0,95,78
MXN00028113,"TENACITAS, MX",1990/6/23,0,86,76
MXN00028113,"TENACITAS, MX",1990/6/24,0,94,75
MXN00028113,"TENACITAS, MX",1990/6/25,0,95,77
MXN00028113,"TENACITAS, MX",1990/6/26,0,95,73
MXN00028113,"TENACITAS, MX",1990/6/27,0,94,73
MXN00028113,"TENACITAS, MX",1990/6/28,0,93,73
MXN00028113,"TENACITAS, MX",1990/6/29,0.9,93,72
MXN00028113,"TENACITAS, MX",1990/6/30,1.41,80,73
MXN00028113,"TENACITAS, MX",1990/7/1,4.64,82,71
MXN00028113,"TENACITAS, MX",1990/7/2,0.9,84,71
MXN00028113,"TENACITAS, MX",1990/7/3,0,89,71
MXN00028113,"TENACITAS, MX",1990/7/4,0,89,72
MXN00028113,"TENACITAS, MX",1990/7/5,0,91,71
MXN00028113,"TENACITAS, MX",1990/7/6,0.15,87,71
MXN00028113,"TENACITAS, MX",1990/7/7,3.38,87,71
MXN00028113,"TENACITAS, MX",1990/7/8,0.17,89,72
MXN00028113,"TENACITAS, MX",1990/7/9,0.66,87,69
MXN00028113,"TENACITAS, MX",1990/7/10,0,84,71
MXN00028113,"TENACITAS, MX",1990/7/11,0,89,72
MXN00028113,"TENACITAS, MX",1990/7/12,0,86,73
MXN00028113,"TENACITAS, MX",1990/7/13,0,89,73
MXN00028113,"TENACITAS, MX",1990/7/14,0.03,89,70
MXN00028113,"TENACITAS, MX",1990/7/15,0,87,73
MXN00028113,"TENACITAS, MX",1990/7/16,0,89,76
MXN00028113,"TENACITAS, MX",1990/7/17,0,88,71
MXN00028113,"TENACITAS, MX",1990/7/18,0,87,73
MXN00028113,"TENACITAS, MX",1990/7/19,0,86,72
MXN00028113,"TENACITAS, MX",1990/7/20,0,89,73
MXN00028113,"TENACITAS, MX",1990/7/21,0.03,89,73
MXN00028113,"TENACITAS, MX",1990/7/22,0.62,91,71
MXN00028113,"TENACITAS, MX",1990/7/23,0.11,84,73
MXN00028113,"TENACITAS, MX",1990/7/24,0.07,84,73
MXN00028113,"TENACITAS, MX",1990/7/25,0,87,71
MXN00028113,"TENACITAS, MX",1990/7/26,0,89,73
MXN00028113,"TENACITAS, MX",1990/7/27,0,89,73
MXN00028113,"TENACITAS, MX",1990/7/28,0,90,73
MXN00028113,"TENACITAS, MX",1990/7/29,0,91,72
MXN00028113,"TENACITAS, MX",1990/7/30,0,91,72
MXN00028113,"TENACITAS, MX",1990/7/31,0,92,74
MXN00028113,"TENACITAS, MX",1990/8/1,0.31,91,76
MXN00028113,"TENACITAS, MX",1990/8/2,0,89,75
MXN00028113,"TENACITAS, MX",1990/8/3,0,86,75
MXN00028113,"TENACITAS, MX",1990/8/4,0,88,74
MXN00028113,"TENACITAS, MX",1990/8/5,0.23,90,74
MXN00028113,"TENACITAS, MX",1990/8/6,0,86,72
MXN00028113,"TENACITAS, MX",1990/8/7,1.57,78,71
MXN00028113,"TENACITAS, MX",1990/8/8,1.57,77,70
MXN00028113,"TENACITAS, MX",1990/8/9,0,86,69
MXN00028113,"TENACITAS, MX",1990/8/10,0,86,73
MXN00028113,"TENACITAS, MX",1990/8/11,0,89,71
MXN00028113,"TENACITAS, MX",1990/8/12,0,89,71
MXN00028113,"TENACITAS, MX",1990/8/13,0,89,73
MXN00028113,"TENACITAS, MX",1990/8/14,0,89,73
MXN00028113,"TENACITAS, MX",1990/8/15,0,90,73
MXN00028113,"TENACITAS, MX",1990/8/16,0,93,73
MXN00028113,"TENACITAS, MX",1990/8/17,0.23,89,73
MXN00028113,"TENACITAS, MX",1990/8/18,0,87,71
MXN00028113,"TENACITAS, MX",1990/8/19,0,89,74
MXN00028113,"TENACITAS, MX",1990/8/20,0,88,72
MXN00028113,"TENACITAS, MX",1990/8/21,0.35,89,70
MXN00028113,"TENACITAS, MX",1990/8/22,0,89,72
MXN00028113,"TENACITAS, MX",1990/8/23,0,89,73
MXN00028113,"TENACITAS, MX",1990/8/24,0,89,75
MXN00028113,"TENACITAS, MX",1990/8/25,0,91,71
MXN00028113,"TENACITAS, MX",1990/8/26,0,91,71
MXN00028113,"TENACITAS, MX",1990/8/27,0,92,73
MXN00028113,"TENACITAS, MX",1990/8/28,0,92,73
MXN00028113,"TENACITAS, MX",1990/8/29,0,91,73
MXN00028113,"TENACITAS, MX",1990/8/30,0,92,73
MXN00028113,"TENACITAS, MX",1990/8/31,0,92,73
MXN00028113,"TENACITAS, MX",1990/9/1,0,93,73
MXN00028113,"TENACITAS, MX",1990/9/2,0.07,91,71
MXN00028113,"TENACITAS, MX",1990/9/3,0.47,90,71
MXN00028113,"TENACITAS, MX",1990/9/4,0.31,86,71
MXN00028113,"TENACITAS, MX",1990/9/5,0.15,87,69
MXN00028113,"TENACITAS, MX",1990/9/6,0,84,69
MXN00028113,"TENACITAS, MX",1990/9/7,0.15,87,71
MXN00028113,"TENACITAS, MX",1990/9/8,0.19,89,71
MXN00028113,"TENACITAS, MX",1990/9/9,0.39,87,71
MXN00028113,"TENACITAS, MX",1990/9/10,0.07,82,68
MXN00028113,"TENACITAS, MX",1990/9/11,0.62,98,71
MXN00028113,"TENACITAS, MX",1990/9/12,0,85,69
MXN00028113,"TENACITAS, MX",1990/9/13,0,87,69
